IP 地址,已发送,已接收,丢包率,平均延迟,下载速度 (MB/s)
104.18.235.22,4,4,0.00,65.40,0.00
104.18.239.48,4,4,0.00,66.68,0.00
104.25.243.53,4,4,0.00,67.12,0.00
104.17.136.135,4,4,0.00,68.32,0.00
104.18.232.180,4,4,0.00,68.76,0.00
162.159.60.120,4,4,0.00,69.14,0.00
104.17.203.179,4,4,0.00,69.18,0.00
104.19.208.241,4,4,0.00,69.59,0.00
104.17.135.252,4,4,0.00,69.94,0.00
104.19.214.29,4,4,0.00,71.66,0.00
104.16.2.254,4,4,0.00,90.30,0.00
104.18.190.68,4,4,0.00,92.08,0.00
104.17.138.158,4,4,0.00,92.09,0.00
104.18.189.136,4,4,0.00,93.97,0.00
104.16.6.63,4,4,0.00,93.99,0.00
104.16.8.68,4,4,0.00,93.99,0.00
104.16.4.231,4,4,0.00,94.12,0.00
104.17.137.174,4,4,0.00,94.31,0.00
104.17.139.176,4,4,0.00,94.57,0.00
104.17.141.109,4,4,0.00,94.59,0.00
104.19.223.165,4,4,0.00,94.60,0.00
104.17.205.54,4,4,0.00,95.23,0.00
104.17.133.84,4,4,0.00,95.46,0.00
104.18.233.165,4,4,0.00,95.88,0.00
104.19.213.78,4,4,0.00,96.00,0.00
104.18.234.93,4,4,0.00,96.37,0.00
104.16.14.201,4,4,0.00,96.64,0.00
104.17.140.187,4,4,0.00,97.89,0.00
190.93.246.65,4,4,0.00,97.92,0.00
104.19.209.188,4,4,0.00,97.98,0.00
104.17.199.49,4,4,0.00,98.51,0.00
104.17.202.108,4,4,0.00,99.25,0.00
104.17.204.132,4,4,0.00,99.50,0.00
190.93.247.1,4,4,0.00,99.59,0.00
104.17.131.224,4,4,0.00,100.73,0.00
104.19.220.152,4,4,0.00,100.85,0.00
190.93.244.6,4,4,0.00,101.74,0.00
104.17.130.136,4,4,0.00,102.03,0.00
190.93.245.42,4,4,0.00,102.69,0.00
104.19.59.163,4,4,0.00,103.44,0.00
141.101.115.206,4,4,0.00,103.56,0.00
141.101.114.112,4,4,0.00,103.94,0.00
104.19.62.184,4,4,0.00,108.43,0.00
104.19.56.146,4,4,0.00,109.11,0.00
162.159.43.160,4,4,0.00,116.22,0.00
162.159.35.222,4,4,0.00,116.99,0.00
104.17.111.83,4,4,0.00,118.14,0.00
104.16.12.26,4,4,0.00,118.48,0.00
104.16.9.68,4,4,0.00,118.61,0.00
104.17.163.239,4,4,0.00,118.97,0.00
104.18.186.223,4,4,0.00,119.38,0.00
104.18.188.42,4,4,0.00,120.07,0.00
104.17.169.112,4,4,0.00,120.93,0.00
172.64.159.77,4,4,0.00,120.98,0.00
104.17.216.170,4,4,0.00,121.35,0.00
104.17.160.80,4,4,0.00,121.36,0.00
104.17.214.138,4,4,0.00,121.36,0.00
104.16.0.134,4,4,0.00,121.47,0.00
104.17.119.106,4,4,0.00,121.54,0.00
104.16.10.245,4,4,0.00,121.64,0.00
104.17.56.155,4,4,0.00,121.94,0.00
104.17.187.162,4,4,0.00,122.10,0.00
104.17.176.238,4,4,0.00,122.28,0.00
104.17.53.179,4,4,0.00,122.28,0.00
104.17.175.149,4,4,0.00,122.54,0.00
104.17.186.140,4,4,0.00,122.62,0.00
104.17.158.125,4,4,0.00,122.93,0.00
104.17.211.36,4,4,0.00,122.97,0.00
104.17.213.77,4,4,0.00,123.12,0.00
104.17.144.12,4,4,0.00,123.21,0.00
104.17.124.52,4,4,0.00,123.50,0.00
198.41.208.175,4,4,0.00,123.87,0.00
104.17.55.248,4,4,0.00,124.23,0.00
104.17.143.77,4,4,0.00,124.37,0.00
198.41.220.176,4,4,0.00,125.86,0.00
104.17.206.8,4,4,0.00,129.01,0.00
104.19.215.179,4,4,0.00,129.13,0.00
104.19.211.75,4,4,0.00,129.50,0.00
108.162.198.143,4,4,0.00,132.23,0.00
104.16.3.4,4,4,0.00,140.99,0.00
104.16.1.43,4,4,0.00,143.41,0.00
104.16.7.86,4,4,0.00,143.67,0.00
104.16.5.22,4,4,0.00,144.07,0.00
162.159.42.10,4,4,0.00,145.34,0.00
104.18.166.237,4,4,0.00,159.66,0.00
104.17.134.146,4,4,0.00,160.00,0.00
104.17.231.204,4,4,0.00,163.79,0.00
104.19.160.252,4,4,0.00,164.96,0.00
104.21.226.57,4,4,0.00,165.68,0.00
104.19.173.6,4,4,0.00,166.03,0.00
172.65.38.100,4,4,0.00,166.19,0.00
104.21.234.227,4,4,0.00,166.69,0.00
104.19.172.63,4,4,0.00,167.40,0.00
104.16.35.211,4,4,0.00,167.65,0.00
104.17.249.46,4,4,0.00,167.82,0.00
104.17.251.199,4,4,0.00,168.00,0.00
104.19.161.45,4,4,0.00,168.07,0.00
104.26.13.96,4,4,0.00,168.09,0.00
104.19.169.158,4,4,0.00,168.57,0.00
104.19.174.68,4,4,0.00,168.80,0.00
104.21.237.235,4,4,0.00,169.50,0.00
104.22.55.126,4,4,0.00,169.67,0.00
104.16.11.124,4,4,0.00,169.83,0.00
104.18.13.250,4,4,0.00,169.86,0.00
104.18.11.26,4,4,0.00,170.13,0.00
104.17.250.88,4,4,0.00,170.20,0.00
104.21.227.49,4,4,0.00,170.38,0.00
104.22.52.198,4,4,0.00,170.68,0.00
104.19.175.190,4,4,0.00,170.98,0.00
104.18.4.215,4,4,0.00,171.09,0.00
104.18.10.231,4,4,0.00,171.10,0.00
104.21.236.155,4,4,0.00,171.50,0.00
104.21.228.251,4,4,0.00,171.69,0.00
104.26.2.154,4,4,0.00,171.76,0.00
104.22.61.106,4,4,0.00,171.84,0.00
104.17.247.133,4,4,0.00,172.17,0.00
104.21.231.102,4,4,0.00,172.40,0.00
104.26.3.92,4,4,0.00,173.04,0.00
104.21.233.35,4,4,0.00,173.20,0.00
104.26.4.153,4,4,0.00,174.42,0.00
104.20.12.158,4,4,0.00,175.59,0.00
172.67.42.216,4,4,0.00,175.61,0.00
162.159.44.218,4,4,0.00,175.82,0.00
104.20.92.210,4,4,0.00,176.09,0.00
104.21.27.172,4,4,0.00,176.17,0.00
104.23.104.168,4,4,0.00,176.19,0.00
104.20.32.241,4,4,0.00,176.28,0.00
104.24.23.239,4,4,0.00,176.38,0.00
104.25.98.198,4,4,0.00,176.47,0.00
104.21.238.66,4,4,0.00,176.51,0.00
104.20.43.158,4,4,0.00,176.75,0.00
104.25.217.30,4,4,0.00,176.86,0.00
104.19.11.1,4,4,0.00,176.92,0.00
104.25.23.146,4,4,0.00,177.06,0.00
104.20.248.31,4,4,0.00,177.08,0.00
104.19.85.7,4,4,0.00,177.10,0.00
104.24.43.204,4,4,0.00,177.11,0.00
172.67.123.45,4,4,0.00,177.16,0.00
104.24.200.106,4,4,0.00,177.24,0.00
104.24.31.48,4,4,0.00,177.26,0.00
104.20.183.40,4,4,0.00,177.28,0.00
172.65.77.172,4,4,0.00,177.43,0.00
172.67.37.211,4,4,0.00,177.44,0.00
104.19.190.229,4,4,0.00,177.55,0.00
172.65.117.30,4,4,0.00,177.71,0.00
104.24.86.46,4,4,0.00,177.73,0.00
172.67.115.129,4,4,0.00,177.83,0.00
172.67.53.227,4,4,0.00,177.88,0.00
104.27.111.233,4,4,0.00,178.06,0.00
104.24.87.17,4,4,0.00,178.16,0.00
104.25.211.139,4,4,0.00,178.41,0.00
104.24.171.227,4,4,0.00,178.48,0.00
104.20.176.74,4,4,0.00,178.50,0.00
104.20.15.11,4,4,0.00,178.52,0.00
104.19.7.11,4,4,0.00,178.54,0.00
172.65.30.53,4,4,0.00,178.54,0.00
104.20.89.56,4,4,0.00,178.57,0.00
104.25.166.139,4,4,0.00,178.59,0.00
104.20.5.215,4,4,0.00,178.60,0.00
104.19.70.227,4,4,0.00,178.67,0.00
104.27.96.198,4,4,0.00,178.67,0.00
104.20.3.14,4,4,0.00,178.86,0.00
172.67.45.238,4,4,0.00,178.91,0.00
104.20.181.170,4,4,0.00,178.92,0.00
162.159.40.243,4,4,0.00,178.97,0.00
104.24.42.65,4,4,0.00,178.97,0.00
104.17.92.207,4,4,0.00,178.97,0.00
172.67.30.203,4,4,0.00,179.03,0.00
104.25.218.107,4,4,0.00,179.07,0.00
104.20.94.238,4,4,0.00,179.11,0.00
104.20.180.166,4,4,0.00,179.11,0.00
104.24.244.71,4,4,0.00,179.15,0.00
141.101.90.108,4,4,0.00,179.20,0.00
172.65.9.29,4,4,0.00,179.20,0.00
104.25.155.62,4,4,0.00,179.24,0.00
104.20.198.24,4,4,0.00,179.25,0.00
172.66.170.180,4,4,0.00,179.28,0.00
104.23.115.124,4,4,0.00,179.33,0.00
104.25.50.82,4,4,0.00,179.36,0.00
172.66.210.131,4,4,0.00,179.39,0.00
104.24.183.157,4,4,0.00,179.40,0.00
104.20.242.92,4,4,0.00,179.41,0.00
104.23.101.6,4,4,0.00,179.43,0.00
104.24.150.168,4,4,0.00,179.46,0.00
162.159.26.104,4,4,0.00,179.53,0.00
104.19.65.94,4,4,0.00,179.53,0.00
104.19.84.150,4,4,0.00,179.55,0.00
172.67.26.40,4,4,0.00,179.55,0.00
104.25.161.68,4,4,0.00,179.57,0.00
104.25.26.133,4,4,0.00,179.64,0.00
104.27.105.55,4,4,0.00,179.66,0.00
104.20.163.171,4,4,0.00,179.70,0.00
104.20.64.227,4,4,0.00,179.77,0.00
104.27.67.109,4,4,0.00,179.82,0.00
104.16.121.126,4,4,0.00,179.84,0.00
104.20.6.120,4,4,0.00,179.85,0.00
172.67.83.128,4,4,0.00,179.90,0.00
172.67.41.2,4,4,0.00,180.05,0.00
172.65.98.122,4,4,0.00,180.09,0.00
104.20.44.77,4,4,0.00,180.23,0.00
104.23.103.242,4,4,0.00,180.29,0.00
104.25.22.160,4,4,0.00,180.36,0.00
104.24.179.141,4,4,0.00,180.36,0.00
104.24.248.226,4,4,0.00,180.37,0.00
198.41.218.53,4,4,0.00,180.37,0.00
104.24.18.68,4,4,0.00,180.38,0.00
104.25.100.251,4,4,0.00,180.40,0.00
172.65.116.117,4,4,0.00,180.41,0.00
104.20.174.246,4,4,0.00,180.43,0.00
104.20.96.53,4,4,0.00,180.57,0.00
104.20.1.54,4,4,0.00,180.62,0.00
104.27.6.238,4,4,0.00,180.64,0.00
104.25.173.207,4,4,0.00,180.69,0.00
104.19.75.224,4,4,0.00,180.73,0.00
172.64.48.155,4,4,0.00,180.77,0.00
172.65.6.10,4,4,0.00,180.79,0.00
162.159.36.211,4,4,0.00,180.79,0.00
104.24.16.42,4,4,0.00,180.80,0.00
104.19.9.173,4,4,0.00,180.87,0.00
104.25.18.204,4,4,0.00,180.92,0.00
104.20.10.130,4,4,0.00,180.99,0.00
104.20.93.214,4,4,0.00,181.03,0.00
104.20.191.111,4,4,0.00,181.24,0.00
104.20.88.45,4,4,0.00,181.24,0.00
104.25.154.65,4,4,0.00,181.26,0.00
172.67.25.247,4,4,0.00,181.31,0.00
104.24.71.146,4,4,0.00,181.37,0.00
104.24.167.177,4,4,0.00,181.38,0.00
104.24.240.203,4,4,0.00,181.58,0.00
108.162.196.21,4,4,0.00,181.58,0.00
104.27.85.66,4,4,0.00,181.64,0.00
172.67.31.10,4,4,0.00,181.64,0.00
104.21.100.228,4,4,0.00,181.68,0.00
104.25.216.200,4,4,0.00,181.69,0.00
104.19.69.216,4,4,0.00,181.73,0.00
104.24.17.147,4,4,0.00,181.73,0.00
172.65.8.177,4,4,0.00,181.75,0.00
172.65.4.32,4,4,0.00,181.75,0.00
172.65.88.89,4,4,0.00,181.79,0.00
104.20.175.124,4,4,0.00,181.81,0.00
104.18.251.43,4,4,0.00,181.81,0.00
104.25.88.227,4,4,0.00,181.81,0.00
104.20.23.131,4,4,0.00,181.82,0.00
172.65.90.194,4,4,0.00,181.86,0.00
104.20.246.57,4,4,0.00,181.87,0.00
172.65.82.221,4,4,0.00,181.89,0.00
162.159.62.62,4,4,0.00,181.96,0.00
104.19.202.176,4,4,0.00,182.00,0.00
104.23.96.23,4,4,0.00,182.00,0.00
104.21.230.106,4,4,0.00,182.01,0.00
104.19.187.28,4,4,0.00,182.16,0.00
173.245.58.201,4,4,0.00,182.19,0.00
104.21.116.205,4,4,0.00,182.20,0.00
104.25.221.1,4,4,0.00,182.23,0.00
104.19.76.56,4,4,0.00,182.26,0.00
172.67.124.21,4,4,0.00,182.26,0.00
104.19.86.146,4,4,0.00,182.32,0.00
104.27.113.193,4,4,0.00,182.35,0.00
104.24.236.222,4,4,0.00,182.36,0.00
104.25.174.186,4,4,0.00,182.40,0.00
162.159.39.224,4,4,0.00,182.40,0.00
104.25.24.207,4,4,0.00,182.41,0.00
104.19.81.110,4,4,0.00,182.44,0.00
104.24.81.14,4,4,0.00,182.49,0.00
104.22.19.147,4,4,0.00,182.56,0.00
104.23.99.138,4,4,0.00,182.61,0.00
108.162.195.149,4,4,0.00,182.66,0.00
104.20.110.104,4,4,0.00,182.68,0.00
104.22.23.68,4,4,0.00,182.70,0.00
104.25.21.95,4,4,0.00,182.73,0.00
104.20.0.247,4,4,0.00,182.80,0.00
104.27.72.142,4,4,0.00,182.81,0.00
162.159.38.181,4,4,0.00,182.82,0.00
173.245.59.8,4,4,0.00,182.83,0.00
172.65.207.228,4,4,0.00,182.87,0.00
104.27.101.1,4,4,0.00,182.92,0.00
104.25.16.149,4,4,0.00,182.99,0.00
104.19.29.159,4,4,0.00,183.00,0.00
104.20.253.130,4,4,0.00,183.03,0.00
104.20.90.65,4,4,0.00,183.07,0.00
198.41.206.134,4,4,0.00,183.10,0.00
104.16.187.209,4,4,0.00,183.11,0.00
104.25.19.184,4,4,0.00,183.13,0.00
162.159.50.87,4,4,0.00,183.13,0.00
104.24.147.1,4,4,0.00,183.15,0.00
104.24.47.174,4,4,0.00,183.17,0.00
104.24.89.233,4,4,0.00,183.17,0.00
104.19.30.222,4,4,0.00,183.18,0.00
104.20.108.34,4,4,0.00,183.20,0.00
104.24.24.83,4,4,0.00,183.26,0.00
104.24.207.242,4,4,0.00,183.26,0.00
104.27.68.224,4,4,0.00,183.32,0.00
104.18.240.81,4,4,0.00,183.35,0.00
104.19.184.24,4,4,0.00,183.36,0.00
104.27.112.168,4,4,0.00,183.43,0.00
162.159.46.53,4,4,0.00,183.44,0.00
104.19.80.25,4,4,0.00,183.49,0.00
104.16.67.33,4,4,0.00,183.54,0.00
104.20.4.95,4,4,0.00,183.61,0.00
104.27.87.66,4,4,0.00,183.64,0.00
104.20.41.143,4,4,0.00,183.71,0.00
198.41.207.185,4,4,0.00,183.71,0.00
172.67.40.179,4,4,0.00,183.72,0.00
104.20.9.6,4,4,0.00,183.74,0.00
104.16.117.49,4,4,0.00,183.84,0.00
172.66.209.244,4,4,0.00,183.87,0.00
104.21.9.109,4,4,0.00,183.91,0.00
104.20.11.101,4,4,0.00,183.92,0.00
172.67.44.87,4,4,0.00,183.94,0.00
172.65.202.121,4,4,0.00,183.98,0.00
162.159.48.53,4,4,0.00,184.13,0.00
172.65.196.42,4,4,0.00,184.17,0.00
172.65.137.198,4,4,0.00,184.18,0.00
104.17.207.114,4,4,0.00,184.21,0.00
172.65.197.181,4,4,0.00,184.22,0.00
103.21.244.3,4,4,0.00,184.26,0.00
104.17.89.233,4,4,0.00,184.32,0.00
104.20.162.105,4,4,0.00,184.33,0.00
162.159.61.6,4,4,0.00,184.33,0.00
104.21.112.175,4,4,0.00,184.36,0.00
104.27.65.237,4,4,0.00,184.36,0.00
108.162.192.181,4,4,0.00,184.38,0.00
104.20.7.102,4,4,0.00,184.38,0.00
172.67.38.10,4,4,0.00,184.39,0.00
104.17.71.66,4,4,0.00,184.42,0.00
172.67.43.80,4,4,0.00,184.48,0.00
104.25.51.56,4,4,0.00,184.52,0.00
104.18.250.231,4,4,0.00,184.53,0.00
104.21.223.208,4,4,0.00,184.57,0.00
104.19.17.90,4,4,0.00,184.62,0.00
104.19.181.58,4,4,0.00,184.63,0.00
172.65.198.222,4,4,0.00,184.71,0.00
172.67.27.251,4,4,0.00,184.75,0.00
104.25.163.139,4,4,0.00,184.90,0.00
198.41.222.249,4,4,0.00,184.90,0.00
104.24.80.227,4,4,0.00,185.06,0.00
104.20.101.153,4,4,0.00,185.07,0.00
172.65.194.53,4,4,0.00,185.09,0.00
141.101.123.46,4,4,0.00,185.13,0.00
172.67.87.91,4,4,0.00,185.16,0.00
172.67.84.204,4,4,0.00,185.18,0.00
104.21.118.85,4,4,0.00,185.19,0.00
104.19.74.29,4,4,0.00,185.22,0.00
104.24.15.91,4,4,0.00,185.22,0.00
104.21.192.73,4,4,0.00,185.28,0.00
172.65.199.106,4,4,0.00,185.31,0.00
198.41.202.67,4,4,0.00,185.34,0.00
104.16.114.12,4,4,0.00,185.38,0.00
104.18.110.97,4,4,0.00,185.41,0.00
172.67.28.83,4,4,0.00,185.44,0.00
198.41.214.69,4,4,0.00,185.48,0.00
198.41.195.203,4,4,0.00,185.49,0.00
172.64.84.240,4,4,0.00,185.59,0.00
162.159.253.201,4,4,0.00,185.61,0.00
104.24.56.118,4,4,0.00,185.76,0.00
172.65.204.252,4,4,0.00,185.78,0.00
172.65.29.143,4,4,0.00,185.79,0.00
162.159.56.4,4,4,0.00,185.82,0.00
162.159.33.32,4,4,0.00,185.88,0.00
104.16.92.149,4,4,0.00,185.93,0.00
104.16.76.235,4,4,0.00,185.93,0.00
104.20.143.252,4,4,0.00,186.04,0.00
173.245.49.231,4,4,0.00,186.07,0.00
162.159.255.129,4,4,0.00,186.13,0.00
104.22.5.129,4,4,0.00,186.18,0.00
104.19.203.230,4,4,0.00,186.19,0.00
162.159.49.105,4,4,0.00,186.28,0.00
172.65.201.216,4,4,0.00,186.29,0.00
104.25.143.226,4,4,0.00,186.37,0.00
172.65.129.212,4,4,0.00,186.39,0.00
162.159.57.170,4,4,0.00,186.46,0.00
162.159.32.166,4,4,0.00,186.52,0.00
108.162.193.194,4,4,0.00,186.65,0.00
104.16.70.165,4,4,0.00,186.66,0.00
198.41.201.91,4,4,0.00,186.76,0.00
104.16.181.12,4,4,0.00,186.77,0.00
141.101.122.245,4,4,0.00,186.89,0.00
104.18.109.25,4,4,0.00,186.96,0.00
104.16.116.31,4,4,0.00,187.18,0.00
104.21.3.245,4,4,0.00,187.26,0.00
162.159.27.224,4,4,0.00,187.27,0.00
104.16.73.51,4,4,0.00,187.48,0.00
104.22.12.11,4,4,0.00,187.49,0.00
104.25.162.208,4,4,0.00,187.54,0.00
162.159.21.156,4,4,0.00,187.56,0.00
104.22.13.166,4,4,0.00,187.60,0.00
172.67.29.147,4,4,0.00,187.67,0.00
104.19.185.218,4,4,0.00,187.67,0.00
104.18.105.20,4,4,0.00,187.70,0.00
198.41.205.122,4,4,0.00,187.84,0.00
172.65.206.51,4,4,0.00,187.84,0.00
162.159.254.215,4,4,0.00,187.93,0.00
104.22.6.206,4,4,0.00,187.93,0.00
162.159.51.244,4,4,0.00,187.98,0.00
104.21.10.149,4,4,0.00,188.03,0.00
172.64.47.145,4,4,0.00,188.06,0.00
162.159.252.100,4,4,0.00,188.14,0.00
172.64.80.56,4,4,0.00,188.20,0.00
172.64.50.69,4,4,0.00,188.22,0.00
104.16.176.150,4,4,0.00,188.24,0.00
162.159.6.146,4,4,0.00,188.37,0.00
162.159.9.223,4,4,0.00,188.37,0.00
104.19.183.12,4,4,0.00,188.43,0.00
104.17.90.131,4,4,0.00,188.45,0.00
162.159.23.205,4,4,0.00,188.48,0.00
198.41.192.88,4,4,0.00,188.49,0.00
104.18.213.49,4,4,0.00,188.56,0.00
104.21.117.18,4,4,0.00,188.63,0.00
162.159.8.221,4,4,0.00,188.64,0.00
104.16.21.141,4,4,0.00,188.68,0.00
104.16.18.62,4,4,0.00,188.71,0.00
162.159.7.205,4,4,0.00,188.77,0.00
198.41.216.80,4,4,0.00,188.85,0.00
198.41.217.11,4,4,0.00,188.93,0.00
198.41.194.240,4,4,0.00,188.93,0.00
104.22.14.192,4,4,0.00,188.98,0.00
198.41.200.253,4,4,0.00,188.98,0.00
104.19.252.162,4,4,0.00,189.05,0.00
104.21.222.244,4,4,0.00,189.24,0.00
172.64.90.55,4,4,0.00,189.25,0.00
172.64.91.28,4,4,0.00,189.25,0.00
198.41.198.199,4,4,0.00,189.33,0.00
104.18.203.210,4,4,0.00,189.34,0.00
104.16.91.110,4,4,0.00,189.37,0.00
104.18.104.8,4,4,0.00,189.50,0.00
104.23.112.167,4,4,0.00,189.52,0.00
104.18.192.172,4,4,0.00,189.56,0.00
104.19.179.109,4,4,0.00,189.58,0.00
198.41.193.79,4,4,0.00,189.59,0.00
104.19.254.106,4,4,0.00,189.70,0.00
198.41.199.176,4,4,0.00,189.77,0.00
104.16.86.109,4,4,0.00,189.90,0.00
198.41.215.103,4,4,0.00,189.90,0.00
104.16.82.250,4,4,0.00,189.93,0.00
172.64.82.68,4,4,0.00,190.03,0.00
104.16.19.206,4,4,0.00,190.07,0.00
104.18.111.225,4,4,0.00,190.10,0.00
104.22.1.127,4,4,0.00,190.19,0.00
104.19.250.153,4,4,0.00,190.23,0.00
104.16.113.42,4,4,0.00,190.34,0.00
108.162.194.165,4,4,0.00,190.36,0.00
104.19.253.223,4,4,0.00,190.42,0.00
188.114.99.88,4,4,0.00,190.66,0.00
104.19.255.73,4,4,0.00,190.80,0.00
104.18.242.14,4,4,0.00,191.09,0.00
104.16.112.76,4,4,0.00,191.14,0.00
198.41.204.221,4,4,0.00,191.22,0.00
104.16.94.139,4,4,0.00,191.30,0.00
104.19.178.153,4,4,0.00,191.34,0.00
172.65.241.173,4,4,0.00,191.38,0.00
104.18.253.39,4,4,0.00,191.38,0.00
104.16.228.19,4,4,0.00,191.46,0.00
104.16.115.249,4,4,0.00,191.56,0.00
104.16.186.223,4,4,0.00,191.59,0.00
104.17.73.148,4,4,0.00,191.63,0.00
104.21.13.215,4,4,0.00,191.64,0.00
104.21.74.216,4,4,0.00,191.64,0.00
104.19.176.73,4,4,0.00,191.67,0.00
104.19.177.68,4,4,0.00,191.77,0.00
104.26.1.254,4,4,0.00,191.94,0.00
104.18.136.150,4,4,0.00,192.01,0.00
104.16.120.164,4,4,0.00,192.24,0.00
104.19.251.93,4,4,0.00,192.64,0.00
198.41.203.161,4,4,0.00,192.66,0.00
104.16.178.251,4,4,0.00,192.78,0.00
104.16.71.198,4,4,0.00,193.00,0.00
104.16.180.137,4,4,0.00,193.00,0.00
104.21.52.15,4,4,0.00,193.07,0.00
198.41.197.212,4,4,0.00,193.10,0.00
198.41.223.250,4,4,0.00,193.22,0.00
104.22.0.53,4,4,0.00,193.45,0.00
104.21.212.241,4,4,0.00,193.46,0.00
104.19.245.252,4,4,0.00,193.60,0.00
162.159.12.31,4,4,0.00,193.82,0.00
104.26.11.124,4,4,0.00,193.97,0.00
104.17.142.88,4,4,0.00,194.10,0.00
104.18.247.249,4,4,0.00,194.30,0.00
172.65.126.203,4,4,0.00,194.64,0.00
104.19.180.125,4,4,0.00,194.71,0.00
104.18.217.76,4,4,0.00,195.35,0.00
104.16.17.47,4,4,0.00,195.37,0.00
104.16.72.161,4,4,0.00,195.61,0.00
104.21.93.180,4,4,0.00,195.99,0.00
104.16.77.97,4,4,0.00,196.36,0.00
104.16.175.90,4,4,0.00,196.48,0.00
104.21.123.123,4,4,0.00,196.49,0.00
104.19.188.43,4,4,0.00,196.54,0.00
172.64.93.110,4,4,0.00,196.76,0.00
172.65.242.56,4,4,0.00,196.98,0.00
104.17.69.92,4,4,0.00,197.93,0.00
104.16.179.69,4,4,0.00,198.17,0.00
104.16.177.44,4,4,0.00,198.20,0.00
104.20.8.107,4,4,0.00,198.54,0.00
198.41.219.33,4,4,0.00,198.68,0.00
104.17.70.72,4,4,0.00,198.71,0.00
104.18.106.103,4,4,0.00,199.30,0.00
141.101.121.109,4,4,0.00,199.35,0.00
141.101.120.87,4,4,0.00,199.38,0.00
104.26.6.57,4,4,0.00,199.85,0.00
172.67.74.199,4,4,0.00,204.32,0.00
104.21.55.65,4,4,0.00,209.05,0.00
104.22.62.102,4,4,0.00,209.26,0.00
104.26.5.89,4,4,0.00,210.48,0.00
188.114.96.85,4,4,0.00,211.76,0.00
188.114.98.128,4,4,0.00,213.26,0.00
172.64.78.171,4,4,0.00,213.96,0.00
104.21.92.153,4,4,0.00,214.92,0.00
104.26.7.135,4,4,0.00,217.05,0.00
188.114.97.211,4,4,0.00,220.15,0.00
104.26.0.165,4,4,0.00,221.56,0.00
104.23.136.60,4,4,0.00,229.83,0.00
104.16.110.0,4,4,0.00,234.98,0.00
104.16.128.101,4,4,0.00,235.13,0.00
104.16.109.126,4,4,0.00,235.83,0.00
104.16.105.169,4,4,0.00,236.00,0.00
104.16.98.11,4,4,0.00,236.45,0.00
104.18.113.230,4,4,0.00,236.78,0.00
172.67.134.3,4,4,0.00,237.18,0.00
172.65.177.116,4,4,0.00,237.86,0.00
104.16.108.197,4,4,0.00,237.92,0.00
104.16.107.170,4,4,0.00,238.07,0.00
172.65.178.80,4,4,0.00,238.22,0.00
104.20.62.95,4,4,0.00,238.36,0.00
104.16.131.84,4,4,0.00,238.39,0.00
104.16.111.25,4,4,0.00,239.14,0.00
172.65.179.157,4,4,0.00,239.55,0.00
104.18.125.81,4,4,0.00,239.60,0.00
104.20.61.74,4,4,0.00,239.76,0.00
172.65.210.159,4,4,0.00,239.94,0.00
104.19.228.40,4,4,0.00,240.07,0.00
104.19.236.19,4,4,0.00,240.53,0.00
104.16.130.38,4,4,0.00,240.97,0.00
172.65.221.215,4,4,0.00,241.22,0.00
172.67.9.74,4,4,0.00,241.82,0.00
104.18.119.117,4,4,0.00,243.24,0.00
104.23.140.78,4,4,0.00,246.89,0.00
172.67.77.192,4,4,0.00,247.56,0.00
172.67.72.132,4,4,0.00,249.02,0.00
172.67.69.139,4,4,0.00,253.10,0.00
172.67.66.32,4,4,0.00,274.41,0.00
104.23.135.7,4,4,0.00,286.30,0.00
172.64.171.225,4,4,0.00,288.76,0.00
172.67.70.129,4,4,0.00,296.76,0.00
172.67.73.78,4,4,0.00,299.49,0.00
104.23.134.192,4,4,0.00,299.64,0.00
172.64.200.214,4,4,0.00,303.18,0.00
172.64.192.101,4,4,0.00,304.41,0.00
172.67.68.90,4,4,0.00,308.47,0.00
172.67.156.218,4,4,0.00,323.74,0.00
172.67.67.85,4,4,0.00,328.13,0.00
172.67.240.95,4,4,0.00,330.35,0.00
172.67.174.120,4,4,0.00,460.73,0.00
172.67.193.181,4,4,0.00,467.15,0.00
172.67.197.72,4,4,0.00,473.30,0.00
172.67.170.214,4,4,0.00,477.35,0.00
104.18.151.254,4,3,0.25,65.55,0.00
104.19.210.8,4,3,0.25,65.74,0.00
104.18.144.202,4,3,0.25,66.42,0.00
104.19.216.107,4,3,0.25,68.15,0.00
104.18.157.195,4,3,0.25,68.51,0.00
104.18.236.98,4,3,0.25,70.51,0.00
104.18.148.122,4,3,0.25,71.87,0.00
104.18.228.113,4,3,0.25,99.23,0.00
162.159.34.13,4,3,0.25,100.92,0.00
104.16.13.235,4,3,0.25,101.24,0.00
104.19.61.252,4,3,0.25,102.45,0.00
104.19.212.3,4,3,0.25,103.67,0.00
104.19.54.12,4,3,0.25,105.01,0.00
104.18.237.5,4,3,0.25,105.21,0.00
104.18.238.247,4,3,0.25,105.55,0.00
104.18.167.46,4,3,0.25,105.60,0.00
104.18.146.23,4,3,0.25,106.49,0.00
104.19.45.42,4,3,0.25,106.54,0.00
104.18.170.76,4,3,0.25,106.71,0.00
104.18.159.44,4,3,0.25,107.47,0.00
104.19.63.47,4,3,0.25,107.97,0.00
104.19.57.168,4,3,0.25,108.10,0.00
104.19.55.124,4,3,0.25,108.92,0.00
104.18.150.217,4,3,0.25,110.68,0.00
104.18.158.111,4,3,0.25,116.07,0.00
104.19.159.150,4,3,0.25,118.34,0.00
104.17.212.154,4,3,0.25,118.37,0.00
104.19.144.119,4,3,0.25,119.15,0.00
104.17.218.72,4,3,0.25,119.22,0.00
104.17.102.37,4,3,0.25,119.33,0.00
104.17.220.83,4,3,0.25,120.17,0.00
104.17.153.90,4,3,0.25,120.18,0.00
104.17.223.52,4,3,0.25,120.27,0.00
104.17.170.2,4,3,0.25,120.59,0.00
104.17.121.232,4,3,0.25,120.85,0.00
104.18.90.133,4,3,0.25,121.19,0.00
104.17.208.167,4,3,0.25,121.28,0.00
104.17.98.251,4,3,0.25,121.35,0.00
104.17.221.9,4,3,0.25,121.49,0.00
104.17.123.106,4,3,0.25,121.62,0.00
104.17.108.7,4,3,0.25,122.03,0.00
172.64.157.160,4,3,0.25,122.22,0.00
104.17.217.99,4,3,0.25,122.52,0.00
104.17.159.229,4,3,0.25,122.52,0.00
104.17.99.85,4,3,0.25,122.59,0.00
104.17.120.17,4,3,0.25,122.75,0.00
104.17.105.89,4,3,0.25,122.93,0.00
104.17.113.251,4,3,0.25,123.18,0.00
104.17.116.240,4,3,0.25,123.32,0.00
104.17.210.219,4,3,0.25,123.39,0.00
104.17.147.135,4,3,0.25,123.42,0.00
104.17.112.26,4,3,0.25,123.43,0.00
104.17.110.150,4,3,0.25,123.50,0.00
104.17.145.189,4,3,0.25,123.53,0.00
104.17.215.252,4,3,0.25,123.76,0.00
104.17.219.114,4,3,0.25,123.84,0.00
104.16.201.123,4,3,0.25,124.24,0.00
104.17.179.9,4,3,0.25,124.45,0.00
104.17.149.38,4,3,0.25,124.74,0.00
104.17.54.116,4,3,0.25,124.86,0.00
104.17.126.163,4,3,0.25,125.03,0.00
104.17.177.6,4,3,0.25,125.12,0.00
104.16.197.42,4,3,0.25,125.19,0.00
104.16.148.197,4,3,0.25,125.19,0.00
104.17.62.242,4,3,0.25,125.36,0.00
104.16.149.24,4,3,0.25,126.09,0.00
104.16.154.175,4,3,0.25,126.80,0.00
104.17.117.250,4,3,0.25,127.94,0.00
104.18.184.184,4,3,0.25,136.38,0.00
104.18.181.109,4,3,0.25,140.09,0.00
104.18.161.178,4,3,0.25,140.46,0.00
104.18.164.160,4,3,0.25,151.42,0.00
104.16.32.170,4,3,0.25,160.84,0.00
104.16.53.26,4,3,0.25,162.12,0.00
104.16.46.195,4,3,0.25,162.37,0.00
172.67.64.100,4,3,0.25,163.27,0.00
104.16.42.184,4,3,0.25,163.58,0.00
104.21.29.99,4,3,0.25,163.72,0.00
172.65.43.173,4,3,0.25,163.99,0.00
104.18.19.158,4,3,0.25,164.24,0.00
172.65.39.211,4,3,0.25,165.25,0.00
104.21.30.125,4,3,0.25,165.34,0.00
104.17.254.30,4,3,0.25,165.51,0.00
172.65.46.243,4,3,0.25,165.61,0.00
172.67.65.230,4,3,0.25,165.74,0.00
104.17.235.179,4,3,0.25,165.85,0.00
104.16.33.184,4,3,0.25,165.93,0.00
104.16.34.147,4,3,0.25,166.06,0.00
104.22.54.78,4,3,0.25,166.59,0.00
104.17.226.89,4,3,0.25,166.77,0.00
104.17.244.30,4,3,0.25,166.87,0.00
104.17.253.240,4,3,0.25,166.89,0.00
104.17.248.121,4,3,0.25,167.29,0.00
104.19.166.39,4,3,0.25,167.29,0.00
104.18.1.240,4,3,0.25,167.35,0.00
172.65.47.98,4,3,0.25,167.59,0.00
104.17.229.240,4,3,0.25,167.61,0.00
104.18.3.183,4,3,0.25,168.14,0.00
104.17.245.240,4,3,0.25,168.29,0.00
104.17.241.170,4,3,0.25,168.52,0.00
104.18.183.107,4,3,0.25,168.80,0.00
104.19.170.33,4,3,0.25,169.34,0.00
104.16.49.36,4,3,0.25,169.53,0.00
104.17.252.8,4,3,0.25,169.64,0.00
172.65.45.188,4,3,0.25,169.76,0.00
104.17.243.150,4,3,0.25,169.86,0.00
172.65.44.88,4,3,0.25,169.97,0.00
104.17.236.25,4,3,0.25,169.98,0.00
104.17.246.48,4,3,0.25,170.00,0.00
104.21.21.76,4,3,0.25,170.17,0.00
172.65.40.23,4,3,0.25,170.17,0.00
104.19.168.148,4,3,0.25,170.64,0.00
104.21.225.186,4,3,0.25,170.74,0.00
104.17.242.208,4,3,0.25,170.91,0.00
104.17.233.50,4,3,0.25,170.91,0.00
104.16.40.42,4,3,0.25,171.00,0.00
104.21.28.237,4,3,0.25,171.15,0.00
104.18.5.33,4,3,0.25,171.17,0.00
104.21.18.137,4,3,0.25,171.34,0.00
104.17.255.131,4,3,0.25,171.42,0.00
104.17.240.172,4,3,0.25,171.42,0.00
104.16.50.63,4,3,0.25,171.55,0.00
104.18.8.26,4,3,0.25,171.62,0.00
104.17.239.175,4,3,0.25,171.64,0.00
104.17.238.130,4,3,0.25,171.75,0.00
104.21.235.67,4,3,0.25,171.77,0.00
104.21.239.250,4,3,0.25,171.80,0.00
104.21.229.193,4,3,0.25,172.40,0.00
104.18.9.200,4,3,0.25,172.41,0.00
104.18.26.152,4,3,0.25,172.69,0.00
104.17.227.205,4,3,0.25,173.05,0.00
104.21.19.137,4,3,0.25,173.28,0.00
104.24.210.96,4,3,0.25,173.41,0.00
104.20.119.54,4,3,0.25,173.42,0.00
104.20.245.130,4,3,0.25,173.63,0.00
104.19.117.92,4,3,0.25,173.81,0.00
104.18.191.118,4,3,0.25,173.82,0.00
104.20.24.102,4,3,0.25,174.13,0.00
172.67.39.243,4,3,0.25,174.29,0.00
104.18.12.186,4,3,0.25,174.55,0.00
104.17.237.244,4,3,0.25,174.59,0.00
104.17.230.238,4,3,0.25,174.86,0.00
104.18.7.18,4,3,0.25,174.95,0.00
104.17.228.90,4,3,0.25,175.01,0.00
172.66.213.39,4,3,0.25,175.01,0.00
104.24.25.52,4,3,0.25,175.24,0.00
104.20.243.159,4,3,0.25,175.31,0.00
104.17.224.233,4,3,0.25,175.34,0.00
104.17.234.118,4,3,0.25,175.36,0.00
104.25.164.139,4,3,0.25,175.39,0.00
104.24.173.201,4,3,0.25,175.39,0.00
104.19.67.209,4,3,0.25,175.46,0.00
104.24.206.198,4,3,0.25,175.48,0.00
172.65.52.30,4,3,0.25,175.53,0.00
172.65.59.156,4,3,0.25,175.57,0.00
104.24.41.228,4,3,0.25,175.68,0.00
104.23.109.50,4,3,0.25,175.82,0.00
104.20.206.8,4,3,0.25,175.96,0.00
104.19.64.185,4,3,0.25,175.97,0.00
104.20.98.166,4,3,0.25,176.06,0.00
104.17.232.99,4,3,0.25,176.21,0.00
104.20.30.149,4,3,0.25,176.26,0.00
172.67.50.148,4,3,0.25,176.28,0.00
104.27.1.203,4,3,0.25,176.42,0.00
104.20.18.115,4,3,0.25,176.56,0.00
104.20.37.115,4,3,0.25,176.66,0.00
172.65.10.132,4,3,0.25,176.69,0.00
104.19.88.202,4,3,0.25,176.71,0.00
104.20.193.232,4,3,0.25,176.80,0.00
104.27.66.213,4,3,0.25,176.81,0.00
172.65.132.111,4,3,0.25,176.82,0.00
104.25.79.69,4,3,0.25,176.82,0.00
104.20.111.38,4,3,0.25,176.90,0.00
172.65.135.225,4,3,0.25,176.99,0.00
104.20.189.224,4,3,0.25,177.18,0.00
104.21.31.106,4,3,0.25,177.21,0.00
172.67.57.223,4,3,0.25,177.24,0.00
104.19.10.129,4,3,0.25,177.26,0.00
104.27.51.100,4,3,0.25,177.27,0.00
104.20.29.238,4,3,0.25,177.40,0.00
104.25.207.24,4,3,0.25,177.45,0.00
104.27.71.32,4,3,0.25,177.57,0.00
172.65.143.131,4,3,0.25,177.60,0.00
104.24.37.223,4,3,0.25,177.63,0.00
172.65.0.42,4,3,0.25,177.66,0.00
104.27.69.136,4,3,0.25,177.69,0.00
104.20.212.13,4,3,0.25,177.73,0.00
104.24.14.144,4,3,0.25,177.74,0.00
172.67.54.165,4,3,0.25,177.79,0.00
172.65.2.31,4,3,0.25,177.83,0.00
172.65.127.110,4,3,0.25,177.87,0.00
104.19.68.46,4,3,0.25,177.90,0.00
104.24.189.56,4,3,0.25,177.94,0.00
104.25.38.153,4,3,0.25,177.94,0.00
172.67.48.18,4,3,0.25,177.97,0.00
104.24.202.24,4,3,0.25,177.98,0.00
104.20.25.254,4,3,0.25,178.02,0.00
104.20.179.180,4,3,0.25,178.11,0.00
172.67.51.96,4,3,0.25,178.11,0.00
104.20.20.120,4,3,0.25,178.22,0.00
104.27.4.136,4,3,0.25,178.26,0.00
104.24.249.145,4,3,0.25,178.37,0.00
104.20.208.69,4,3,0.25,178.45,0.00
104.24.192.56,4,3,0.25,178.46,0.00
104.24.180.13,4,3,0.25,178.49,0.00
104.21.209.30,4,3,0.25,178.51,0.00
104.20.78.173,4,3,0.25,178.52,0.00
104.25.183.167,4,3,0.25,178.52,0.00
104.17.225.107,4,3,0.25,178.53,0.00
172.66.212.1,4,3,0.25,178.53,0.00
104.20.17.168,4,3,0.25,178.61,0.00
104.27.100.49,4,3,0.25,178.73,0.00
104.24.36.49,4,3,0.25,178.77,0.00
104.25.171.136,4,3,0.25,178.78,0.00
104.25.175.148,4,3,0.25,178.78,0.00
104.20.31.132,4,3,0.25,178.81,0.00
172.65.111.195,4,3,0.25,178.82,0.00
104.25.201.199,4,3,0.25,178.85,0.00
104.25.169.245,4,3,0.25,178.85,0.00
104.25.78.121,4,3,0.25,178.87,0.00
172.67.56.63,4,3,0.25,178.89,0.00
104.24.163.163,4,3,0.25,178.91,0.00
172.65.130.182,4,3,0.25,178.94,0.00
104.24.172.207,4,3,0.25,178.94,0.00
172.66.192.43,4,3,0.25,178.94,0.00
104.27.95.182,4,3,0.25,178.96,0.00
104.24.30.221,4,3,0.25,178.96,0.00
172.65.5.69,4,3,0.25,178.96,0.00
104.27.20.66,4,3,0.25,178.97,0.00
104.19.8.242,4,3,0.25,178.98,0.00
172.65.121.132,4,3,0.25,178.98,0.00
104.20.28.83,4,3,0.25,179.08,0.00
104.27.88.84,4,3,0.25,179.14,0.00
104.19.0.122,4,3,0.25,179.16,0.00
172.65.144.253,4,3,0.25,179.23,0.00
172.65.120.203,4,3,0.25,179.26,0.00
104.20.118.109,4,3,0.25,179.28,0.00
104.19.89.117,4,3,0.25,179.29,0.00
172.65.229.79,4,3,0.25,179.31,0.00
104.27.36.64,4,3,0.25,179.31,0.00
104.20.97.239,4,3,0.25,179.33,0.00
104.25.189.169,4,3,0.25,179.35,0.00
104.24.204.62,4,3,0.25,179.45,0.00
104.20.2.194,4,3,0.25,179.53,0.00
104.24.45.85,4,3,0.25,179.54,0.00
104.24.13.37,4,3,0.25,179.59,0.00
172.67.55.155,4,3,0.25,179.60,0.00
104.19.20.68,4,3,0.25,179.62,0.00
104.27.30.232,4,3,0.25,179.66,0.00
104.16.93.187,4,3,0.25,179.69,0.00
104.24.46.185,4,3,0.25,179.73,0.00
172.67.63.210,4,3,0.25,179.78,0.00
172.65.150.167,4,3,0.25,179.79,0.00
104.25.198.216,4,3,0.25,179.83,0.00
104.20.240.31,4,3,0.25,179.84,0.00
172.65.149.209,4,3,0.25,179.85,0.00
172.65.115.185,4,3,0.25,179.86,0.00
104.25.180.139,4,3,0.25,179.91,0.00
172.65.123.210,4,3,0.25,179.95,0.00
172.67.46.150,4,3,0.25,179.99,0.00
104.24.40.175,4,3,0.25,180.01,0.00
104.24.181.102,4,3,0.25,180.02,0.00
172.65.134.191,4,3,0.25,180.06,0.00
104.19.16.47,4,3,0.25,180.10,0.00
104.24.196.112,4,3,0.25,180.10,0.00
104.19.95.42,4,3,0.25,180.11,0.00
104.20.197.94,4,3,0.25,180.17,0.00
104.20.27.23,4,3,0.25,180.21,0.00
104.25.237.26,4,3,0.25,180.21,0.00
104.24.35.88,4,3,0.25,180.23,0.00
104.21.2.21,4,3,0.25,180.23,0.00
104.25.109.167,4,3,0.25,180.29,0.00
172.65.118.106,4,3,0.25,180.31,0.00
172.65.28.230,4,3,0.25,180.36,0.00
172.67.17.31,4,3,0.25,180.39,0.00
104.24.205.176,4,3,0.25,180.39,0.00
104.24.79.11,4,3,0.25,180.40,0.00
104.20.133.192,4,3,0.25,180.46,0.00
104.20.205.13,4,3,0.25,180.48,0.00
104.25.37.66,4,3,0.25,180.49,0.00
172.65.131.232,4,3,0.25,180.50,0.00
104.25.193.43,4,3,0.25,180.55,0.00
104.21.58.179,4,3,0.25,180.56,0.00
104.24.139.34,4,3,0.25,180.57,0.00
172.65.230.154,4,3,0.25,180.57,0.00
104.25.167.66,4,3,0.25,180.59,0.00
104.25.165.114,4,3,0.25,180.59,0.00
172.67.52.83,4,3,0.25,180.60,0.00
104.24.174.95,4,3,0.25,180.61,0.00
104.20.178.119,4,3,0.25,180.63,0.00
104.25.36.60,4,3,0.25,180.64,0.00
104.22.30.181,4,3,0.25,180.64,0.00
104.25.215.222,4,3,0.25,180.66,0.00
104.19.15.52,4,3,0.25,180.70,0.00
104.19.87.238,4,3,0.25,180.71,0.00
172.65.16.223,4,3,0.25,180.72,0.00
104.25.153.243,4,3,0.25,180.73,0.00
172.65.60.209,4,3,0.25,180.73,0.00
172.65.195.192,4,3,0.25,180.76,0.00
104.20.210.176,4,3,0.25,180.77,0.00
104.27.82.71,4,3,0.25,180.79,0.00
104.25.181.173,4,3,0.25,180.79,0.00
104.20.196.61,4,3,0.25,180.79,0.00
104.24.49.180,4,3,0.25,180.81,0.00
104.25.55.181,4,3,0.25,180.82,0.00
104.23.127.196,4,3,0.25,180.82,0.00
172.65.200.181,4,3,0.25,180.83,0.00
104.20.195.22,4,3,0.25,180.83,0.00
104.20.26.207,4,3,0.25,180.83,0.00
104.19.104.26,4,3,0.25,180.94,0.00
104.24.52.145,4,3,0.25,180.95,0.00
172.65.227.190,4,3,0.25,180.96,0.00
104.27.117.136,4,3,0.25,180.96,0.00
104.20.75.241,4,3,0.25,181.00,0.00
104.24.190.240,4,3,0.25,181.00,0.00
104.27.75.109,4,3,0.25,181.01,0.00
104.20.109.16,4,3,0.25,181.04,0.00
104.25.159.64,4,3,0.25,181.06,0.00
172.65.133.107,4,3,0.25,181.07,0.00
172.66.199.33,4,3,0.25,181.07,0.00
104.24.199.155,4,3,0.25,181.09,0.00
104.19.126.179,4,3,0.25,181.09,0.00
104.25.101.127,4,3,0.25,181.11,0.00
104.16.118.137,4,3,0.25,181.12,0.00
104.24.166.239,4,3,0.25,181.13,0.00
104.23.105.33,4,3,0.25,181.14,0.00
172.66.211.189,4,3,0.25,181.14,0.00
172.67.20.29,4,3,0.25,181.16,0.00
104.25.184.50,4,3,0.25,181.21,0.00
104.25.176.97,4,3,0.25,181.26,0.00
172.67.58.113,4,3,0.25,181.27,0.00
104.19.201.210,4,3,0.25,181.29,0.00
104.21.115.235,4,3,0.25,181.29,0.00
104.20.200.32,4,3,0.25,181.29,0.00
104.19.13.240,4,3,0.25,181.31,0.00
172.67.61.178,4,3,0.25,181.32,0.00
172.65.65.236,4,3,0.25,181.33,0.00
172.67.59.116,4,3,0.25,181.35,0.00
172.65.27.209,4,3,0.25,181.37,0.00
104.25.185.201,4,3,0.25,181.41,0.00
172.65.138.42,4,3,0.25,181.44,0.00
104.24.90.126,4,3,0.25,181.44,0.00
104.20.249.109,4,3,0.25,181.47,0.00
104.19.12.227,4,3,0.25,181.49,0.00
104.25.59.243,4,3,0.25,181.50,0.00
172.65.99.68,4,3,0.25,181.51,0.00
104.25.34.191,4,3,0.25,181.52,0.00
172.65.124.31,4,3,0.25,181.54,0.00
104.23.102.111,4,3,0.25,181.55,0.00
104.20.184.141,4,3,0.25,181.57,0.00
172.66.198.27,4,3,0.25,181.58,0.00
104.25.197.125,4,3,0.25,181.60,0.00
104.20.190.11,4,3,0.25,181.63,0.00
104.25.170.187,4,3,0.25,181.66,0.00
104.21.114.207,4,3,0.25,181.69,0.00
104.19.1.105,4,3,0.25,181.70,0.00
104.19.192.193,4,3,0.25,181.72,0.00
162.159.58.158,4,3,0.25,181.74,0.00
104.25.83.180,4,3,0.25,181.80,0.00
104.24.201.1,4,3,0.25,181.81,0.00
104.27.102.11,4,3,0.25,181.91,0.00
104.20.16.169,4,3,0.25,181.93,0.00
104.20.199.52,4,3,0.25,181.97,0.00
104.25.29.15,4,3,0.25,181.98,0.00
104.19.2.143,4,3,0.25,181.99,0.00
172.65.78.97,4,3,0.25,182.00,0.00
104.24.194.165,4,3,0.25,182.01,0.00
104.24.39.158,4,3,0.25,182.01,0.00
104.25.172.113,4,3,0.25,182.04,0.00
172.65.139.145,4,3,0.25,182.04,0.00
104.21.57.210,4,3,0.25,182.04,0.00
104.21.40.157,4,3,0.25,182.06,0.00
104.27.89.22,4,3,0.25,182.06,0.00
104.21.15.166,4,3,0.25,182.07,0.00
104.20.132.97,4,3,0.25,182.07,0.00
104.24.8.15,4,3,0.25,182.09,0.00
172.65.15.71,4,3,0.25,182.13,0.00
104.27.86.133,4,3,0.25,182.16,0.00
104.19.195.170,4,3,0.25,182.18,0.00
104.25.179.2,4,3,0.25,182.22,0.00
104.25.177.105,4,3,0.25,182.24,0.00
104.24.203.248,4,3,0.25,182.33,0.00
104.25.182.174,4,3,0.25,182.39,0.00
172.65.224.83,4,3,0.25,182.40,0.00
104.19.66.24,4,3,0.25,182.44,0.00
104.19.121.173,4,3,0.25,182.47,0.00
172.65.203.159,4,3,0.25,182.50,0.00
172.67.81.149,4,3,0.25,182.50,0.00
172.65.11.44,4,3,0.25,182.54,0.00
172.66.196.233,4,3,0.25,182.63,0.00
172.66.149.132,4,3,0.25,182.63,0.00
172.65.148.138,4,3,0.25,182.64,0.00
104.19.198.185,4,3,0.25,182.66,0.00
104.21.14.248,4,3,0.25,182.68,0.00
104.20.13.6,4,3,0.25,182.73,0.00
104.25.97.34,4,3,0.25,182.77,0.00
104.18.212.165,4,3,0.25,182.78,0.00
104.20.255.55,4,3,0.25,182.81,0.00
104.24.144.83,4,3,0.25,182.84,0.00
104.27.70.149,4,3,0.25,182.86,0.00
172.65.145.125,4,3,0.25,182.87,0.00
172.65.147.152,4,3,0.25,182.90,0.00
104.21.232.93,4,3,0.25,182.92,0.00
104.27.99.30,4,3,0.25,182.93,0.00
104.27.119.82,4,3,0.25,182.93,0.00
172.64.150.182,4,3,0.25,183.00,0.00
104.27.13.189,4,3,0.25,183.05,0.00
104.25.205.151,4,3,0.25,183.07,0.00
104.27.92.74,4,3,0.25,183.07,0.00
104.20.161.98,4,3,0.25,183.11,0.00
104.19.123.114,4,3,0.25,183.13,0.00
104.20.247.213,4,3,0.25,183.14,0.00
172.64.94.195,4,3,0.25,183.16,0.00
104.23.106.43,4,3,0.25,183.24,0.00
104.25.39.111,4,3,0.25,183.24,0.00
172.65.119.6,4,3,0.25,183.25,0.00
104.19.194.33,4,3,0.25,183.25,0.00
104.24.188.67,4,3,0.25,183.28,0.00
172.65.122.152,4,3,0.25,183.28,0.00
104.25.12.88,4,3,0.25,183.36,0.00
172.65.1.27,4,3,0.25,183.38,0.00
172.65.7.85,4,3,0.25,183.38,0.00
172.65.146.41,4,3,0.25,183.49,0.00
172.67.189.126,4,3,0.25,183.49,0.00
104.25.106.14,4,3,0.25,183.49,0.00
104.25.204.116,4,3,0.25,183.49,0.00
104.27.104.131,4,3,0.25,183.50,0.00
104.24.0.143,4,3,0.25,183.52,0.00
104.21.126.168,4,3,0.25,183.52,0.00
104.27.115.170,4,3,0.25,183.52,0.00
172.65.205.47,4,3,0.25,183.52,0.00
172.64.151.93,4,3,0.25,183.61,0.00
104.25.203.83,4,3,0.25,183.67,0.00
104.24.208.147,4,3,0.25,183.71,0.00
104.24.146.55,4,3,0.25,183.72,0.00
104.19.3.208,4,3,0.25,183.75,0.00
104.25.213.1,4,3,0.25,183.77,0.00
104.17.95.201,4,3,0.25,183.78,0.00
104.19.101.110,4,3,0.25,183.90,0.00
104.19.199.246,4,3,0.25,183.94,0.00
104.25.33.23,4,3,0.25,183.96,0.00
104.27.94.155,4,3,0.25,183.99,0.00
104.21.221.105,4,3,0.25,184.05,0.00
104.25.206.132,4,3,0.25,184.08,0.00
104.21.113.234,4,3,0.25,184.08,0.00
104.20.164.91,4,3,0.25,184.11,0.00
104.19.197.235,4,3,0.25,184.12,0.00
104.20.14.61,4,3,0.25,184.18,0.00
104.25.168.223,4,3,0.25,184.19,0.00
104.21.49.41,4,3,0.25,184.20,0.00
172.67.47.154,4,3,0.25,184.23,0.00
104.25.53.44,4,3,0.25,184.26,0.00
172.65.140.204,4,3,0.25,184.28,0.00
104.27.84.69,4,3,0.25,184.33,0.00
104.20.40.111,4,3,0.25,184.43,0.00
104.20.192.12,4,3,0.25,184.44,0.00
104.24.33.125,4,3,0.25,184.44,0.00
104.21.120.167,4,3,0.25,184.45,0.00
104.16.88.248,4,3,0.25,184.45,0.00
104.25.199.135,4,3,0.25,184.47,0.00
172.65.23.156,4,3,0.25,184.50,0.00
104.16.127.35,4,3,0.25,184.60,0.00
104.24.48.108,4,3,0.25,184.63,0.00
104.24.243.244,4,3,0.25,184.63,0.00
172.67.60.206,4,3,0.25,184.67,0.00
104.24.191.135,4,3,0.25,184.80,0.00
172.65.228.115,4,3,0.25,184.81,0.00
104.23.97.216,4,3,0.25,184.83,0.00
172.65.192.125,4,3,0.25,184.83,0.00
141.101.113.59,4,3,0.25,184.98,0.00
104.24.50.236,4,3,0.25,185.01,0.00
104.19.92.112,4,3,0.25,185.01,0.00
172.65.3.155,4,3,0.25,185.02,0.00
104.20.22.117,4,3,0.25,185.06,0.00
172.65.54.228,4,3,0.25,185.09,0.00
104.25.94.236,4,3,0.25,185.09,0.00
172.67.49.209,4,3,0.25,185.15,0.00
172.65.231.173,4,3,0.25,185.16,0.00
162.159.25.22,4,3,0.25,185.25,0.00
104.19.6.34,4,3,0.25,185.26,0.00
104.24.32.6,4,3,0.25,185.33,0.00
172.65.24.64,4,3,0.25,185.36,0.00
104.20.21.17,4,3,0.25,185.36,0.00
104.21.208.152,4,3,0.25,185.40,0.00
104.18.248.132,4,3,0.25,185.45,0.00
104.18.205.149,4,3,0.25,185.46,0.00
104.27.31.26,4,3,0.25,185.49,0.00
172.65.56.98,4,3,0.25,185.51,0.00
104.17.74.247,4,3,0.25,185.51,0.00
104.25.186.222,4,3,0.25,185.52,0.00
172.66.143.94,4,3,0.25,185.55,0.00
104.21.53.253,4,3,0.25,185.59,0.00
172.65.125.237,4,3,0.25,185.60,0.00
104.20.112.207,4,3,0.25,185.64,0.00
104.21.217.68,4,3,0.25,185.64,0.00
104.25.107.62,4,3,0.25,185.65,0.00
104.23.98.34,4,3,0.25,185.67,0.00
104.20.254.204,4,3,0.25,185.69,0.00
172.65.12.138,4,3,0.25,185.78,0.00
104.25.196.147,4,3,0.25,185.79,0.00
172.65.95.70,4,3,0.25,185.80,0.00
104.18.208.205,4,3,0.25,185.83,0.00
104.19.14.76,4,3,0.25,185.92,0.00
104.25.208.247,4,3,0.25,185.97,0.00
104.25.212.197,4,3,0.25,185.99,0.00
172.65.141.93,4,3,0.25,186.00,0.00
172.65.226.232,4,3,0.25,186.00,0.00
162.159.45.140,4,3,0.25,186.12,0.00
104.17.93.5,4,3,0.25,186.22,0.00
104.19.138.177,4,3,0.25,186.28,0.00
104.23.100.248,4,3,0.25,186.30,0.00
104.19.193.57,4,3,0.25,186.41,0.00
172.64.86.12,4,3,0.25,186.43,0.00
172.65.128.108,4,3,0.25,186.50,0.00
104.19.191.93,4,3,0.25,186.68,0.00
162.159.13.152,4,3,0.25,186.71,0.00
104.25.178.187,4,3,0.25,186.75,0.00
104.20.42.46,4,3,0.25,186.76,0.00
104.25.32.241,4,3,0.25,186.77,0.00
104.19.200.69,4,3,0.25,186.91,0.00
162.159.24.104,4,3,0.25,186.95,0.00
104.19.107.226,4,3,0.25,186.98,0.00
104.18.108.192,4,3,0.25,187.01,0.00
104.20.186.123,4,3,0.25,187.02,0.00
104.25.35.223,4,3,0.25,187.05,0.00
104.17.83.229,4,3,0.25,187.12,0.00
104.19.189.165,4,3,0.25,187.17,0.00
104.21.219.117,4,3,0.25,187.19,0.00
104.17.84.15,4,3,0.25,187.21,0.00
172.64.68.230,4,3,0.25,187.23,0.00
104.22.26.9,4,3,0.25,187.29,0.00
104.16.81.214,4,3,0.25,187.33,0.00
104.16.125.20,4,3,0.25,187.48,0.00
104.19.72.222,4,3,0.25,187.65,0.00
104.24.193.179,4,3,0.25,187.66,0.00
104.17.78.253,4,3,0.25,187.74,0.00
104.18.204.34,4,3,0.25,187.74,0.00
104.22.16.250,4,3,0.25,187.77,0.00
104.24.34.54,4,3,0.25,187.80,0.00
104.16.126.23,4,3,0.25,187.87,0.00
104.16.75.113,4,3,0.25,187.94,0.00
172.64.85.37,4,3,0.25,187.95,0.00
104.17.76.194,4,3,0.25,187.98,0.00
104.16.84.238,4,3,0.25,188.00,0.00
104.25.202.56,4,3,0.25,188.07,0.00
104.19.196.214,4,3,0.25,188.16,0.00
172.65.225.54,4,3,0.25,188.16,0.00
104.25.200.191,4,3,0.25,188.26,0.00
104.24.197.190,4,3,0.25,188.29,0.00
104.18.107.157,4,3,0.25,188.49,0.00
172.64.88.232,4,3,0.25,188.55,0.00
104.16.89.214,4,3,0.25,188.66,0.00
104.22.57.163,4,3,0.25,188.71,0.00
104.16.87.171,4,3,0.25,188.74,0.00
104.21.56.224,4,3,0.25,188.83,0.00
162.159.15.91,4,3,0.25,188.83,0.00
172.64.81.216,4,3,0.25,188.96,0.00
162.159.41.185,4,3,0.25,188.98,0.00
104.16.119.77,4,3,0.25,189.06,0.00
104.19.135.51,4,3,0.25,189.08,0.00
172.65.245.113,4,3,0.25,189.19,0.00
162.159.4.89,4,3,0.25,189.20,0.00
104.18.246.8,4,3,0.25,189.27,0.00
104.22.15.22,4,3,0.25,189.28,0.00
162.159.14.197,4,3,0.25,189.38,0.00
104.16.24.207,4,3,0.25,189.43,0.00
104.18.249.20,4,3,0.25,189.44,0.00
104.27.43.148,4,3,0.25,189.63,0.00
104.18.139.229,4,3,0.25,189.64,0.00
104.21.64.213,4,3,0.25,189.66,0.00
104.16.83.116,4,3,0.25,189.71,0.00
104.20.19.63,4,3,0.25,189.71,0.00
104.16.124.56,4,3,0.25,189.74,0.00
104.18.255.162,4,3,0.25,189.97,0.00
104.17.94.208,4,3,0.25,189.97,0.00
104.16.122.85,4,3,0.25,190.45,0.00
162.159.251.112,4,3,0.25,190.53,0.00
104.25.194.72,4,3,0.25,190.63,0.00
104.25.195.171,4,3,0.25,190.63,0.00
104.16.69.153,4,3,0.25,190.63,0.00
104.16.123.175,4,3,0.25,190.77,0.00
104.19.186.234,4,3,0.25,190.95,0.00
104.17.88.158,4,3,0.25,191.00,0.00
104.17.86.25,4,3,0.25,191.06,0.00
104.16.90.25,4,3,0.25,191.12,0.00
104.16.222.210,4,3,0.25,191.20,0.00
104.16.184.185,4,3,0.25,191.21,0.00
104.17.87.195,4,3,0.25,191.29,0.00
104.16.85.86,4,3,0.25,191.40,0.00
104.17.75.62,4,3,0.25,191.66,0.00
104.16.162.188,4,3,0.25,191.69,0.00
104.26.14.97,4,3,0.25,191.70,0.00
104.16.28.88,4,3,0.25,191.75,0.00
162.159.249.62,4,3,0.25,191.82,0.00
172.64.87.41,4,3,0.25,191.92,0.00
104.21.205.110,4,3,0.25,192.02,0.00
104.17.91.85,4,3,0.25,192.12,0.00
104.21.96.206,4,3,0.25,192.12,0.00
104.21.47.99,4,3,0.25,192.40,0.00
104.21.216.226,4,3,0.25,192.42,0.00
104.16.182.8,4,3,0.25,192.58,0.00
104.21.59.118,4,3,0.25,192.68,0.00
104.18.193.250,4,3,0.25,192.95,0.00
104.18.244.229,4,3,0.25,193.29,0.00
104.16.23.93,4,3,0.25,193.48,0.00
172.64.95.112,4,3,0.25,193.57,0.00
104.18.243.31,4,3,0.25,193.73,0.00
104.16.78.27,4,3,0.25,193.77,0.00
104.16.169.108,4,3,0.25,194.33,0.00
104.17.85.138,4,3,0.25,195.12,0.00
104.17.72.241,4,3,0.25,195.23,0.00
104.16.20.250,4,3,0.25,195.70,0.00
104.18.241.209,4,3,0.25,196.05,0.00
104.16.16.145,4,3,0.25,196.26,0.00
104.21.48.73,4,3,0.25,196.40,0.00
104.16.166.144,4,3,0.25,196.51,0.00
104.26.9.107,4,3,0.25,196.72,0.00
104.18.252.63,4,3,0.25,197.03,0.00
104.16.79.168,4,3,0.25,197.23,0.00
104.21.78.250,4,3,0.25,197.31,0.00
104.17.77.159,4,3,0.25,197.48,0.00
104.21.201.210,4,3,0.25,197.66,0.00
104.16.225.207,4,3,0.25,197.89,0.00
104.16.168.218,4,3,0.25,198.13,0.00
104.16.167.49,4,3,0.25,198.28,0.00
104.19.182.172,4,3,0.25,199.41,0.00
104.21.91.28,4,3,0.25,199.87,0.00
104.21.79.48,4,3,0.25,200.17,0.00
172.67.75.200,4,3,0.25,200.29,0.00
104.17.80.78,4,3,0.25,201.20,0.00
104.16.160.32,4,3,0.25,201.26,0.00
104.21.77.236,4,3,0.25,201.70,0.00
172.64.89.15,4,3,0.25,202.42,0.00
104.22.51.53,4,3,0.25,204.12,0.00
104.19.133.118,4,3,0.25,204.55,0.00
104.16.80.27,4,3,0.25,205.42,0.00
172.64.92.111,4,3,0.25,205.73,0.00
104.19.128.199,4,3,0.25,206.01,0.00
104.21.76.193,4,3,0.25,206.11,0.00
104.26.12.12,4,3,0.25,206.83,0.00
104.21.41.108,4,3,0.25,207.17,0.00
104.21.80.34,4,3,0.25,207.50,0.00
104.21.34.177,4,3,0.25,207.80,0.00
104.26.15.1,4,3,0.25,209.49,0.00
104.21.73.238,4,3,0.25,209.49,0.00
104.16.165.120,4,3,0.25,209.91,0.00
104.21.71.28,4,3,0.25,211.34,0.00
104.21.36.114,4,3,0.25,211.58,0.00
104.21.39.228,4,3,0.25,214.76,0.00
104.21.127.247,4,3,0.25,222.09,0.00
104.26.10.40,4,3,0.25,223.88,0.00
104.26.8.167,4,3,0.25,227.02,0.00
104.21.68.219,4,3,0.25,227.07,0.00
104.21.90.180,4,3,0.25,230.30,0.00
104.21.82.185,4,3,0.25,234.47,0.00
104.21.8.59,4,3,0.25,235.08,0.00
172.67.142.242,4,3,0.25,235.91,0.00
104.16.97.22,4,3,0.25,236.45,0.00
104.16.137.56,4,3,0.25,237.83,0.00
172.65.209.61,4,3,0.25,238.09,0.00
172.65.212.8,4,3,0.25,238.24,0.00
104.18.114.248,4,3,0.25,238.29,0.00
172.67.140.231,4,3,0.25,238.30,0.00
172.65.208.176,4,3,0.25,238.37,0.00
172.67.129.201,4,3,0.25,238.40,0.00
172.65.180.100,4,3,0.25,238.86,0.00
104.18.112.249,4,3,0.25,238.91,0.00
104.19.230.47,4,3,0.25,239.14,0.00
104.16.143.111,4,3,0.25,239.30,0.00
104.16.99.83,4,3,0.25,239.70,0.00
104.18.127.192,4,3,0.25,239.78,0.00
172.65.182.252,4,3,0.25,240.01,0.00
172.67.0.76,4,3,0.25,240.08,0.00
172.67.135.90,4,3,0.25,240.27,0.00
104.16.129.29,4,3,0.25,240.52,0.00
104.20.63.79,4,3,0.25,240.68,0.00
172.67.6.254,4,3,0.25,241.20,0.00
172.65.211.27,4,3,0.25,241.40,0.00
104.18.123.114,4,3,0.25,241.41,0.00
172.67.136.47,4,3,0.25,241.45,0.00
172.66.31.156,4,3,0.25,241.69,0.00
104.16.136.187,4,3,0.25,242.51,0.00
104.20.52.176,4,3,0.25,242.81,0.00
104.21.83.244,4,3,0.25,244.85,0.00
162.159.138.75,4,3,0.25,245.04,0.00
104.16.138.250,4,3,0.25,248.91,0.00
104.21.75.216,4,3,0.25,250.55,0.00
104.16.140.205,4,3,0.25,251.99,0.00
104.23.143.236,4,3,0.25,260.31,0.00
172.67.79.111,4,3,0.25,264.66,0.00
104.19.139.121,4,3,0.25,271.40,0.00
172.64.160.165,4,3,0.25,300.69,0.00
172.64.143.234,4,3,0.25,307.37,0.00
172.64.198.163,4,3,0.25,308.42,0.00
172.64.168.116,4,3,0.25,310.15,0.00
172.64.170.214,4,3,0.25,311.32,0.00
172.64.142.208,4,3,0.25,312.61,0.00
172.64.169.168,4,3,0.25,313.19,0.00
172.64.164.224,4,3,0.25,315.49,0.00
172.67.183.149,4,3,0.25,327.52,0.00
104.27.198.194,4,3,0.25,360.20,0.00
172.67.169.146,4,3,0.25,364.76,0.00
172.67.188.97,4,3,0.25,374.70,0.00
172.67.190.148,4,3,0.25,378.86,0.00
172.67.187.113,4,3,0.25,381.45,0.00
172.67.158.168,4,3,0.25,383.58,0.00
172.67.244.192,4,3,0.25,389.61,0.00
172.67.200.4,4,3,0.25,562.89,0.00
172.67.154.95,4,3,0.25,563.92,0.00
172.67.228.169,4,3,0.25,564.58,0.00
172.67.159.126,4,3,0.25,569.46,0.00
172.67.163.137,4,3,0.25,570.96,0.00
172.67.249.102,4,3,0.25,572.16,0.00
172.67.239.38,4,3,0.25,581.21,0.00
172.67.245.15,4,3,0.25,585.97,0.00
172.67.246.227,4,3,0.25,741.11,0.00
172.67.150.55,4,3,0.25,751.21,0.00
172.67.157.13,4,3,0.25,764.71,0.00
172.67.168.215,4,3,0.25,765.58,0.00
172.67.167.230,4,3,0.25,768.32,0.00
172.67.209.111,4,3,0.25,777.56,0.00
172.67.175.109,4,3,0.25,779.16,0.00
104.18.154.234,4,2,0.50,64.14,0.00
104.19.218.133,4,2,0.50,64.48,0.00
104.19.219.58,4,2,0.50,65.87,0.00
104.18.155.32,4,2,0.50,66.69,0.00
172.64.146.55,4,2,0.50,67.16,0.00
104.25.242.150,4,2,0.50,68.89,0.00
104.19.34.5,4,2,0.50,104.80,0.00
104.19.33.197,4,2,0.50,106.37,0.00
104.19.58.215,4,2,0.50,107.32,0.00
104.19.52.129,4,2,0.50,108.53,0.00
104.19.50.116,4,2,0.50,112.48,0.00
104.17.164.254,4,2,0.50,116.43,0.00
104.17.155.116,4,2,0.50,116.85,0.00
104.18.187.24,4,2,0.50,117.78,0.00
104.17.63.62,4,2,0.50,117.98,0.00
104.17.156.127,4,2,0.50,118.10,0.00
104.17.165.192,4,2,0.50,118.11,0.00
104.18.147.133,4,2,0.50,118.17,0.00
104.17.57.236,4,2,0.50,118.76,0.00
104.17.148.66,4,2,0.50,119.74,0.00
104.17.151.163,4,2,0.50,119.83,0.00
104.16.144.194,4,2,0.50,120.07,0.00
104.18.185.119,4,2,0.50,120.16,0.00
172.64.154.124,4,2,0.50,120.74,0.00
104.17.61.249,4,2,0.50,121.11,0.00
104.17.125.69,4,2,0.50,121.23,0.00
104.17.58.128,4,2,0.50,121.32,0.00
104.17.60.133,4,2,0.50,121.33,0.00
104.17.146.145,4,2,0.50,121.34,0.00
104.17.150.139,4,2,0.50,121.51,0.00
104.16.146.103,4,2,0.50,121.66,0.00
104.16.150.59,4,2,0.50,122.18,0.00
104.17.166.113,4,2,0.50,122.51,0.00
104.17.168.94,4,2,0.50,122.55,0.00
104.16.147.162,4,2,0.50,122.65,0.00
104.17.161.71,4,2,0.50,122.83,0.00
104.17.100.111,4,2,0.50,122.96,0.00
104.17.96.40,4,2,0.50,123.02,0.00
104.19.149.78,4,2,0.50,123.41,0.00
104.17.104.139,4,2,0.50,123.47,0.00
104.17.154.58,4,2,0.50,123.59,0.00
104.17.97.41,4,2,0.50,124.49,0.00
104.17.59.96,4,2,0.50,124.84,0.00
104.17.152.64,4,2,0.50,125.01,0.00
104.18.42.27,4,2,0.50,125.02,0.00
104.17.122.10,4,2,0.50,125.54,0.00
104.17.209.129,4,2,0.50,125.94,0.00
198.41.209.36,4,2,0.50,126.07,0.00
104.16.145.28,4,2,0.50,126.50,0.00
104.19.217.121,4,2,0.50,127.07,0.00
104.16.15.91,4,2,0.50,127.64,0.00
104.17.162.101,4,2,0.50,128.59,0.00
104.18.152.39,4,2,0.50,128.78,0.00
104.18.145.248,4,2,0.50,129.04,0.00
198.41.221.96,4,2,0.50,129.04,0.00
104.16.152.139,4,2,0.50,131.56,0.00
104.18.149.101,4,2,0.50,133.44,0.00
104.16.55.133,4,2,0.50,160.13,0.00
172.65.42.241,4,2,0.50,160.61,0.00
104.16.60.128,4,2,0.50,161.25,0.00
104.16.39.31,4,2,0.50,161.47,0.00
172.67.172.18,4,2,0.50,161.58,0.00
104.16.38.78,4,2,0.50,162.47,0.00
104.16.59.187,4,2,0.50,164.28,0.00
104.22.50.79,4,2,0.50,164.30,0.00
104.16.52.124,4,2,0.50,164.83,0.00
104.16.36.78,4,2,0.50,164.87,0.00
104.16.57.41,4,2,0.50,164.96,0.00
104.16.56.236,4,2,0.50,165.21,0.00
104.16.45.55,4,2,0.50,165.34,0.00
104.16.51.62,4,2,0.50,166.10,0.00
104.16.41.44,4,2,0.50,166.39,0.00
104.21.23.50,4,2,0.50,166.75,0.00
104.16.37.203,4,2,0.50,167.13,0.00
172.67.76.82,4,2,0.50,167.18,0.00
104.16.43.197,4,2,0.50,167.19,0.00
104.18.27.15,4,2,0.50,168.04,0.00
104.16.62.8,4,2,0.50,168.58,0.00
104.18.14.31,4,2,0.50,168.61,0.00
104.22.59.107,4,2,0.50,168.62,0.00
104.18.17.165,4,2,0.50,168.79,0.00
104.22.60.183,4,2,0.50,168.81,0.00
172.65.41.198,4,2,0.50,168.93,0.00
104.16.44.218,4,2,0.50,169.01,0.00
104.18.18.82,4,2,0.50,169.12,0.00
104.21.17.179,4,2,0.50,169.52,0.00
104.21.22.195,4,2,0.50,169.55,0.00
104.18.2.86,4,2,0.50,169.79,0.00
104.18.6.2,4,2,0.50,170.01,0.00
104.22.56.95,4,2,0.50,170.08,0.00
172.67.165.175,4,2,0.50,170.15,0.00
172.67.173.117,4,2,0.50,170.37,0.00
104.22.58.38,4,2,0.50,170.51,0.00
104.21.224.26,4,2,0.50,170.52,0.00
104.16.54.168,4,2,0.50,170.52,0.00
104.16.63.129,4,2,0.50,171.18,0.00
172.67.112.102,4,2,0.50,171.77,0.00
104.16.58.90,4,2,0.50,171.83,0.00
172.67.122.17,4,2,0.50,172.03,0.00
104.18.0.222,4,2,0.50,172.20,0.00
172.65.156.86,4,2,0.50,172.40,0.00
104.25.81.212,4,2,0.50,172.52,0.00
104.25.231.247,4,2,0.50,172.55,0.00
172.67.93.69,4,2,0.50,173.08,0.00
172.67.100.16,4,2,0.50,173.47,0.00
172.65.67.89,4,2,0.50,173.66,0.00
104.18.25.98,4,2,0.50,173.74,0.00
104.16.48.72,4,2,0.50,173.81,0.00
104.18.199.130,4,2,0.50,174.14,0.00
172.65.142.162,4,2,0.50,174.23,0.00
172.66.193.112,4,2,0.50,174.44,0.00
104.20.165.199,4,2,0.50,174.59,0.00
172.65.152.242,4,2,0.50,174.66,0.00
104.16.47.175,4,2,0.50,174.82,0.00
104.19.21.224,4,2,0.50,174.85,0.00
104.25.234.212,4,2,0.50,174.89,0.00
172.67.182.199,4,2,0.50,174.92,0.00
172.67.102.92,4,2,0.50,174.97,0.00
104.22.74.241,4,2,0.50,174.99,0.00
104.20.70.4,4,2,0.50,175.00,0.00
172.66.146.153,4,2,0.50,175.06,0.00
104.24.227.97,4,2,0.50,175.13,0.00
104.20.45.243,4,2,0.50,175.21,0.00
104.20.103.45,4,2,0.50,175.24,0.00
172.65.237.43,4,2,0.50,175.28,0.00
104.23.116.102,4,2,0.50,175.29,0.00
172.65.71.59,4,2,0.50,175.31,0.00
104.23.125.32,4,2,0.50,175.35,0.00
104.20.65.153,4,2,0.50,175.38,0.00
104.20.99.109,4,2,0.50,175.53,0.00
104.24.88.114,4,2,0.50,175.59,0.00
104.23.126.193,4,2,0.50,175.61,0.00
172.65.162.130,4,2,0.50,175.67,0.00
172.67.107.168,4,2,0.50,175.75,0.00
172.65.18.55,4,2,0.50,175.82,0.00
104.16.61.213,4,2,0.50,175.90,0.00
104.27.77.88,4,2,0.50,175.93,0.00
104.21.67.92,4,2,0.50,175.95,0.00
104.24.217.97,4,2,0.50,176.01,0.00
104.23.121.173,4,2,0.50,176.18,0.00
172.65.48.218,4,2,0.50,176.32,0.00
104.24.65.175,4,2,0.50,176.58,0.00
104.24.220.138,4,2,0.50,176.72,0.00
172.65.14.23,4,2,0.50,176.72,0.00
104.21.5.5,4,2,0.50,176.73,0.00
172.65.170.49,4,2,0.50,176.85,0.00
172.65.155.228,4,2,0.50,176.92,0.00
104.20.100.244,4,2,0.50,176.98,0.00
104.20.160.231,4,2,0.50,177.02,0.00
172.65.236.228,4,2,0.50,177.10,0.00
172.67.247.80,4,2,0.50,177.13,0.00
104.24.178.177,4,2,0.50,177.16,0.00
172.67.120.193,4,2,0.50,177.17,0.00
172.67.90.60,4,2,0.50,177.24,0.00
172.64.52.230,4,2,0.50,177.25,0.00
104.27.24.122,4,2,0.50,177.26,0.00
104.27.97.47,4,2,0.50,177.30,0.00
104.18.28.35,4,2,0.50,177.30,0.00
104.25.20.121,4,2,0.50,177.45,0.00
104.20.72.47,4,2,0.50,177.48,0.00
104.22.67.97,4,2,0.50,177.58,0.00
104.27.26.45,4,2,0.50,177.59,0.00
104.20.236.178,4,2,0.50,177.60,0.00
104.27.56.158,4,2,0.50,177.61,0.00
172.67.97.61,4,2,0.50,177.61,0.00
172.65.50.14,4,2,0.50,177.63,0.00
104.25.144.67,4,2,0.50,177.69,0.00
104.25.102.113,4,2,0.50,177.69,0.00
104.24.235.13,4,2,0.50,177.72,0.00
172.67.89.3,4,2,0.50,177.74,0.00
104.20.166.39,4,2,0.50,177.81,0.00
172.67.191.234,4,2,0.50,177.81,0.00
104.27.45.95,4,2,0.50,177.91,0.00
104.27.106.230,4,2,0.50,177.91,0.00
104.27.19.168,4,2,0.50,177.93,0.00
172.65.51.136,4,2,0.50,177.94,0.00
172.67.88.209,4,2,0.50,178.03,0.00
104.24.176.136,4,2,0.50,178.06,0.00
104.25.95.73,4,2,0.50,178.10,0.00
104.21.26.157,4,2,0.50,178.11,0.00
104.18.200.239,4,2,0.50,178.14,0.00
104.24.148.172,4,2,0.50,178.18,0.00
104.24.70.189,4,2,0.50,178.22,0.00
104.24.19.240,4,2,0.50,178.25,0.00
104.27.120.214,4,2,0.50,178.25,0.00
172.67.118.203,4,2,0.50,178.26,0.00
104.20.173.127,4,2,0.50,178.26,0.00
172.65.72.94,4,2,0.50,178.36,0.00
172.66.216.240,4,2,0.50,178.38,0.00
172.65.165.23,4,2,0.50,178.40,0.00
104.27.116.230,4,2,0.50,178.46,0.00
172.65.83.10,4,2,0.50,178.51,0.00
104.27.47.94,4,2,0.50,178.53,0.00
172.67.78.149,4,2,0.50,178.57,0.00
104.20.46.18,4,2,0.50,178.60,0.00
104.20.73.136,4,2,0.50,178.61,0.00
104.18.198.161,4,2,0.50,178.63,0.00
104.24.170.69,4,2,0.50,178.70,0.00
104.20.177.235,4,2,0.50,178.73,0.00
104.24.228.155,4,2,0.50,178.74,0.00
104.20.237.13,4,2,0.50,178.74,0.00
104.25.104.18,4,2,0.50,178.83,0.00
104.20.39.147,4,2,0.50,178.91,0.00
172.65.153.139,4,2,0.50,178.91,0.00
104.27.81.211,4,2,0.50,178.94,0.00
104.20.169.179,4,2,0.50,178.97,0.00
104.27.49.203,4,2,0.50,179.03,0.00
104.20.167.27,4,2,0.50,179.04,0.00
104.16.66.39,4,2,0.50,179.07,0.00
104.24.78.108,4,2,0.50,179.09,0.00
104.20.102.152,4,2,0.50,179.16,0.00
172.67.91.120,4,2,0.50,179.17,0.00
172.65.64.56,4,2,0.50,179.20,0.00
104.23.117.17,4,2,0.50,179.21,0.00
104.24.59.122,4,2,0.50,179.22,0.00
104.24.1.176,4,2,0.50,179.25,0.00
104.21.211.205,4,2,0.50,179.29,0.00
104.20.151.29,4,2,0.50,179.34,0.00
172.65.74.165,4,2,0.50,179.35,0.00
172.67.116.60,4,2,0.50,179.36,0.00
172.67.177.178,4,2,0.50,179.38,0.00
104.23.110.83,4,2,0.50,179.39,0.00
104.27.15.237,4,2,0.50,179.42,0.00
104.25.187.16,4,2,0.50,179.47,0.00
104.24.129.134,4,2,0.50,179.48,0.00
104.24.157.181,4,2,0.50,179.50,0.00
104.24.219.20,4,2,0.50,179.51,0.00
172.65.17.111,4,2,0.50,179.56,0.00
104.22.75.198,4,2,0.50,179.56,0.00
104.24.77.65,4,2,0.50,179.59,0.00
104.20.67.206,4,2,0.50,179.62,0.00
104.25.31.199,4,2,0.50,179.64,0.00
104.23.120.161,4,2,0.50,179.65,0.00
172.65.157.146,4,2,0.50,179.67,0.00
172.65.13.156,4,2,0.50,179.74,0.00
104.21.122.199,4,2,0.50,179.74,0.00
172.65.239.165,4,2,0.50,179.74,0.00
104.27.32.181,4,2,0.50,179.77,0.00
172.65.81.116,4,2,0.50,179.80,0.00
104.20.153.3,4,2,0.50,179.88,0.00
104.24.72.87,4,2,0.50,179.95,0.00
104.23.107.69,4,2,0.50,179.96,0.00
172.65.55.52,4,2,0.50,179.97,0.00
104.25.103.135,4,2,0.50,179.98,0.00
104.18.128.12,4,2,0.50,180.08,0.00
172.65.154.140,4,2,0.50,180.09,0.00
104.24.151.159,4,2,0.50,180.11,0.00
172.67.105.107,4,2,0.50,180.12,0.00
104.19.73.249,4,2,0.50,180.16,0.00
104.24.62.109,4,2,0.50,180.16,0.00
104.20.87.94,4,2,0.50,180.21,0.00
104.27.121.251,4,2,0.50,180.25,0.00
172.67.98.213,4,2,0.50,180.26,0.00
104.24.55.196,4,2,0.50,180.27,0.00
104.25.112.212,4,2,0.50,180.27,0.00
104.27.122.100,4,2,0.50,180.40,0.00
104.18.229.58,4,2,0.50,180.41,0.00
104.27.74.186,4,2,0.50,180.44,0.00
104.24.66.65,4,2,0.50,180.47,0.00
172.66.147.87,4,2,0.50,180.50,0.00
172.65.62.134,4,2,0.50,180.50,0.00
104.24.74.16,4,2,0.50,180.52,0.00
172.65.79.164,4,2,0.50,180.53,0.00
104.23.119.44,4,2,0.50,180.53,0.00
104.24.11.247,4,2,0.50,180.55,0.00
104.19.5.46,4,2,0.50,180.55,0.00
104.24.216.254,4,2,0.50,180.60,0.00
104.22.36.245,4,2,0.50,180.65,0.00
104.24.61.68,4,2,0.50,180.68,0.00
172.65.19.190,4,2,0.50,180.69,0.00
104.20.85.94,4,2,0.50,180.71,0.00
104.22.66.29,4,2,0.50,180.74,0.00
104.19.205.192,4,2,0.50,180.76,0.00
172.65.80.34,4,2,0.50,180.82,0.00
104.27.109.243,4,2,0.50,180.97,0.00
104.16.68.224,4,2,0.50,180.98,0.00
104.25.108.188,4,2,0.50,180.98,0.00
104.27.25.39,4,2,0.50,181.00,0.00
104.19.4.16,4,2,0.50,181.05,0.00
172.65.26.131,4,2,0.50,181.07,0.00
172.65.234.152,4,2,0.50,181.08,0.00
104.18.143.236,4,2,0.50,181.11,0.00
104.22.63.119,4,2,0.50,181.13,0.00
104.20.159.0,4,2,0.50,181.14,0.00
104.25.145.188,4,2,0.50,181.15,0.00
104.24.5.51,4,2,0.50,181.16,0.00
104.23.108.211,4,2,0.50,181.21,0.00
104.23.130.58,4,2,0.50,181.23,0.00
172.66.0.182,4,2,0.50,181.26,0.00
172.67.22.187,4,2,0.50,181.26,0.00
104.25.192.71,4,2,0.50,181.27,0.00
104.20.131.71,4,2,0.50,181.29,0.00
172.67.18.91,4,2,0.50,181.31,0.00
104.27.44.251,4,2,0.50,181.32,0.00
104.21.0.153,4,2,0.50,181.36,0.00
172.65.76.239,4,2,0.50,181.36,0.00
104.24.234.1,4,2,0.50,181.37,0.00
104.24.224.73,4,2,0.50,181.38,0.00
104.24.142.142,4,2,0.50,181.39,0.00
104.20.250.238,4,2,0.50,181.40,0.00
104.27.107.193,4,2,0.50,181.42,0.00
104.18.194.90,4,2,0.50,181.42,0.00
172.65.232.27,4,2,0.50,181.42,0.00
104.20.185.153,4,2,0.50,181.44,0.00
172.65.69.20,4,2,0.50,181.49,0.00
172.65.21.129,4,2,0.50,181.52,0.00
104.27.23.86,4,2,0.50,181.53,0.00
104.24.57.55,4,2,0.50,181.55,0.00
172.64.49.217,4,2,0.50,181.56,0.00
172.65.20.171,4,2,0.50,181.60,0.00
172.67.24.135,4,2,0.50,181.61,0.00
104.25.99.97,4,2,0.50,181.63,0.00
104.25.111.55,4,2,0.50,181.66,0.00
104.25.238.103,4,2,0.50,181.71,0.00
104.22.77.35,4,2,0.50,181.72,0.00
172.67.251.18,4,2,0.50,181.72,0.00
104.27.17.88,4,2,0.50,181.83,0.00
172.67.95.107,4,2,0.50,181.85,0.00
104.22.64.58,4,2,0.50,181.90,0.00
104.18.245.150,4,2,0.50,181.91,0.00
104.25.232.101,4,2,0.50,181.97,0.00
172.67.111.185,4,2,0.50,181.99,0.00
104.25.188.200,4,2,0.50,182.02,0.00
172.64.41.246,4,2,0.50,182.05,0.00
172.67.243.95,4,2,0.50,182.09,0.00
104.20.235.167,4,2,0.50,182.13,0.00
104.24.225.61,4,2,0.50,182.13,0.00
104.25.214.107,4,2,0.50,182.16,0.00
104.16.65.129,4,2,0.50,182.20,0.00
172.67.106.149,4,2,0.50,182.20,0.00
104.27.50.91,4,2,0.50,182.24,0.00
172.67.85.199,4,2,0.50,182.25,0.00
104.25.90.135,4,2,0.50,182.28,0.00
172.66.214.96,4,2,0.50,182.30,0.00
104.27.110.29,4,2,0.50,182.35,0.00
104.27.39.47,4,2,0.50,182.35,0.00
172.66.195.39,4,2,0.50,182.45,0.00
172.65.25.247,4,2,0.50,182.49,0.00
104.19.79.196,4,2,0.50,182.50,0.00
104.25.209.38,4,2,0.50,182.50,0.00
104.24.229.99,4,2,0.50,182.50,0.00
172.65.57.145,4,2,0.50,182.51,0.00
104.20.244.89,4,2,0.50,182.54,0.00
104.27.34.253,4,2,0.50,182.60,0.00
172.67.94.164,4,2,0.50,182.61,0.00
104.27.12.7,4,2,0.50,182.61,0.00
172.65.66.193,4,2,0.50,182.62,0.00
104.22.68.46,4,2,0.50,182.64,0.00
104.23.123.234,4,2,0.50,182.65,0.00
104.25.105.234,4,2,0.50,182.65,0.00
104.25.210.49,4,2,0.50,182.70,0.00
104.24.223.240,4,2,0.50,182.77,0.00
104.27.27.107,4,2,0.50,182.80,0.00
104.25.220.152,4,2,0.50,182.80,0.00
172.67.99.51,4,2,0.50,182.85,0.00
104.24.53.50,4,2,0.50,182.86,0.00
172.67.104.2,4,2,0.50,182.88,0.00
172.66.194.185,4,2,0.50,182.94,0.00
172.67.250.56,4,2,0.50,182.97,0.00
104.24.20.166,4,2,0.50,182.99,0.00
104.24.149.64,4,2,0.50,182.99,0.00
104.21.20.250,4,2,0.50,182.99,0.00
104.20.136.131,4,2,0.50,183.01,0.00
104.24.175.109,4,2,0.50,183.02,0.00
104.24.132.177,4,2,0.50,183.05,0.00
104.27.124.11,4,2,0.50,183.09,0.00
172.65.233.63,4,2,0.50,183.09,0.00
172.67.253.173,4,2,0.50,183.10,0.00
104.17.68.101,4,2,0.50,183.10,0.00
104.20.188.201,4,2,0.50,183.13,0.00
104.27.48.225,4,2,0.50,183.16,0.00
172.65.238.179,4,2,0.50,183.20,0.00
104.23.122.179,4,2,0.50,183.28,0.00
104.22.65.110,4,2,0.50,183.31,0.00
104.24.2.181,4,2,0.50,183.33,0.00
104.21.66.91,4,2,0.50,183.34,0.00
172.65.49.79,4,2,0.50,183.35,0.00
104.20.66.143,4,2,0.50,183.48,0.00
104.27.76.58,4,2,0.50,183.48,0.00
104.24.215.192,4,2,0.50,183.50,0.00
104.20.123.104,4,2,0.50,183.51,0.00
172.66.197.222,4,2,0.50,183.55,0.00
172.67.80.159,4,2,0.50,183.59,0.00
172.65.136.45,4,2,0.50,183.59,0.00
104.23.114.110,4,2,0.50,183.60,0.00
104.20.95.213,4,2,0.50,183.61,0.00
104.23.118.17,4,2,0.50,183.61,0.00
104.24.155.6,4,2,0.50,183.62,0.00
104.27.114.90,4,2,0.50,183.69,0.00
172.65.159.130,4,2,0.50,183.76,0.00
172.65.70.224,4,2,0.50,183.77,0.00
104.24.221.250,4,2,0.50,183.80,0.00
104.22.73.94,4,2,0.50,183.91,0.00
104.24.133.42,4,2,0.50,183.93,0.00
172.67.179.110,4,2,0.50,183.95,0.00
104.27.79.77,4,2,0.50,183.96,0.00
172.65.164.19,4,2,0.50,183.97,0.00
172.65.161.39,4,2,0.50,183.99,0.00
104.20.251.5,4,2,0.50,184.00,0.00
104.21.101.101,4,2,0.50,184.00,0.00
172.65.68.111,4,2,0.50,184.04,0.00
172.65.63.166,4,2,0.50,184.18,0.00
104.25.96.206,4,2,0.50,184.26,0.00
104.24.226.158,4,2,0.50,184.26,0.00
104.19.206.219,4,2,0.50,184.31,0.00
172.67.194.186,4,2,0.50,184.34,0.00
104.20.202.248,4,2,0.50,184.34,0.00
104.21.203.207,4,2,0.50,184.36,0.00
104.24.145.244,4,2,0.50,184.40,0.00
104.27.80.123,4,2,0.50,184.42,0.00
104.21.207.162,4,2,0.50,184.46,0.00
104.21.60.58,4,2,0.50,184.48,0.00
172.64.33.10,4,2,0.50,184.52,0.00
104.24.169.10,4,2,0.50,184.52,0.00
104.24.218.63,4,2,0.50,184.53,0.00
172.66.144.137,4,2,0.50,184.55,0.00
104.27.93.208,4,2,0.50,184.57,0.00
104.19.71.126,4,2,0.50,184.61,0.00
104.24.54.196,4,2,0.50,184.62,0.00
104.19.249.239,4,2,0.50,184.64,0.00
104.27.16.20,4,2,0.50,184.67,0.00
172.67.96.74,4,2,0.50,184.73,0.00
104.24.143.105,4,2,0.50,184.77,0.00
104.27.78.23,4,2,0.50,184.81,0.00
104.19.204.115,4,2,0.50,184.82,0.00
104.25.41.181,4,2,0.50,184.84,0.00
104.27.29.253,4,2,0.50,184.86,0.00
104.18.211.211,4,2,0.50,184.87,0.00
104.24.128.2,4,2,0.50,184.88,0.00
104.24.58.254,4,2,0.50,184.91,0.00
172.65.151.144,4,2,0.50,184.92,0.00
104.27.33.20,4,2,0.50,184.93,0.00
104.27.41.90,4,2,0.50,185.00,0.00
104.27.46.108,4,2,0.50,185.00,0.00
104.24.75.85,4,2,0.50,185.03,0.00
104.25.43.88,4,2,0.50,185.04,0.00
104.25.42.51,4,2,0.50,185.05,0.00
104.27.73.221,4,2,0.50,185.08,0.00
104.20.122.219,4,2,0.50,185.09,0.00
104.24.222.14,4,2,0.50,185.10,0.00
104.18.140.162,4,2,0.50,185.12,0.00
104.16.22.113,4,2,0.50,185.16,0.00
104.20.213.182,4,2,0.50,185.18,0.00
104.16.161.74,4,2,0.50,185.21,0.00
104.19.207.222,4,2,0.50,185.28,0.00
104.27.18.12,4,2,0.50,185.46,0.00
172.65.158.90,4,2,0.50,185.51,0.00
104.16.64.211,4,2,0.50,185.57,0.00
172.64.40.245,4,2,0.50,185.62,0.00
104.27.63.34,4,2,0.50,185.62,0.00
172.67.23.194,4,2,0.50,185.65,0.00
104.20.182.247,4,2,0.50,185.72,0.00
104.24.73.86,4,2,0.50,185.75,0.00
104.27.37.205,4,2,0.50,185.79,0.00
104.20.194.163,4,2,0.50,185.81,0.00
104.24.64.54,4,2,0.50,185.89,0.00
104.27.90.136,4,2,0.50,185.92,0.00
104.27.91.119,4,2,0.50,185.92,0.00
172.66.215.129,4,2,0.50,185.97,0.00
172.64.42.54,4,2,0.50,185.97,0.00
172.67.62.31,4,2,0.50,186.06,0.00
104.20.252.226,4,2,0.50,186.06,0.00
104.20.155.116,4,2,0.50,186.09,0.00
104.24.63.217,4,2,0.50,186.16,0.00
104.23.111.75,4,2,0.50,186.19,0.00
104.27.103.70,4,2,0.50,186.20,0.00
104.27.21.120,4,2,0.50,186.21,0.00
104.27.57.131,4,2,0.50,186.26,0.00
104.23.133.169,4,2,0.50,186.28,0.00
104.25.44.42,4,2,0.50,186.32,0.00
172.64.38.230,4,2,0.50,186.34,0.00
172.67.19.72,4,2,0.50,186.36,0.00
104.27.22.119,4,2,0.50,186.38,0.00
172.65.61.206,4,2,0.50,186.39,0.00
172.65.235.83,4,2,0.50,186.43,0.00
104.21.63.162,4,2,0.50,186.44,0.00
104.25.46.99,4,2,0.50,186.46,0.00
104.23.129.130,4,2,0.50,186.52,0.00
104.25.160.171,4,2,0.50,186.55,0.00
104.27.14.118,4,2,0.50,186.56,0.00
104.24.22.203,4,2,0.50,186.59,0.00
104.25.110.138,4,2,0.50,186.63,0.00
104.18.210.55,4,2,0.50,186.64,0.00
104.21.1.138,4,2,0.50,186.70,0.00
172.65.160.156,4,2,0.50,186.74,0.00
172.65.252.200,4,2,0.50,186.75,0.00
104.27.83.92,4,2,0.50,186.88,0.00
104.24.68.45,4,2,0.50,186.90,0.00
104.17.66.97,4,2,0.50,186.91,0.00
104.27.98.43,4,2,0.50,187.04,0.00
104.16.172.168,4,2,0.50,187.11,0.00
104.24.231.209,4,2,0.50,187.18,0.00
172.65.75.231,4,2,0.50,187.22,0.00
104.24.165.210,4,2,0.50,187.23,0.00
104.20.203.171,4,2,0.50,187.28,0.00
104.18.196.132,4,2,0.50,187.34,0.00
104.24.38.238,4,2,0.50,187.35,0.00
104.24.44.83,4,2,0.50,187.36,0.00
172.65.166.84,4,2,0.50,187.42,0.00
104.24.138.63,4,2,0.50,187.57,0.00
104.27.28.52,4,2,0.50,187.68,0.00
104.31.16.158,4,2,0.50,187.78,0.00
172.64.34.172,4,2,0.50,187.80,0.00
104.21.54.70,4,2,0.50,187.81,0.00
172.64.35.140,4,2,0.50,187.91,0.00
104.21.70.153,4,2,0.50,187.92,0.00
104.25.235.14,4,2,0.50,187.98,0.00
104.25.17.31,4,2,0.50,188.06,0.00
104.21.214.191,4,2,0.50,188.12,0.00
104.21.81.114,4,2,0.50,188.25,0.00
104.23.124.183,4,2,0.50,188.32,0.00
104.25.191.245,4,2,0.50,188.35,0.00
104.21.12.121,4,2,0.50,188.58,0.00
172.67.82.110,4,2,0.50,188.60,0.00
172.65.244.129,4,2,0.50,188.65,0.00
104.24.76.216,4,2,0.50,188.69,0.00
104.25.30.46,4,2,0.50,188.76,0.00
172.64.32.147,4,2,0.50,188.83,0.00
172.65.253.66,4,2,0.50,188.85,0.00
172.67.16.155,4,2,0.50,188.89,0.00
104.21.50.56,4,2,0.50,188.97,0.00
104.24.214.187,4,2,0.50,188.98,0.00
104.24.136.186,4,2,0.50,188.99,0.00
104.16.224.36,4,2,0.50,189.08,0.00
104.24.230.182,4,2,0.50,189.18,0.00
104.21.11.239,4,2,0.50,189.29,0.00
104.19.18.181,4,2,0.50,189.47,0.00
104.16.185.144,4,2,0.50,189.49,0.00
104.21.213.219,4,2,0.50,189.55,0.00
104.24.130.82,4,2,0.50,189.57,0.00
172.67.86.196,4,2,0.50,189.66,0.00
104.21.61.38,4,2,0.50,189.71,0.00
172.67.92.31,4,2,0.50,189.78,0.00
104.25.40.144,4,2,0.50,189.80,0.00
172.64.36.124,4,2,0.50,189.82,0.00
172.65.58.96,4,2,0.50,190.05,0.00
104.18.130.79,4,2,0.50,190.18,0.00
104.21.65.112,4,2,0.50,190.22,0.00
104.17.65.16,4,2,0.50,190.24,0.00
104.21.210.53,4,2,0.50,190.35,0.00
172.67.21.209,4,2,0.50,190.39,0.00
172.64.37.12,4,2,0.50,190.40,0.00
104.18.129.46,4,2,0.50,190.51,0.00
104.16.25.121,4,2,0.50,190.69,0.00
104.18.133.191,4,2,0.50,190.78,0.00
104.27.35.57,4,2,0.50,190.78,0.00
104.27.38.16,4,2,0.50,190.78,0.00
104.27.40.188,4,2,0.50,190.78,0.00
104.27.108.251,4,2,0.50,190.78,0.00
172.67.126.2,4,2,0.50,190.87,0.00
198.41.196.135,4,2,0.50,190.88,0.00
172.64.83.195,4,2,0.50,190.99,0.00
172.65.240.236,4,2,0.50,191.02,0.00
104.23.113.112,4,2,0.50,191.06,0.00
162.159.202.35,4,2,0.50,191.06,0.00
104.27.42.127,4,2,0.50,191.14,0.00
104.20.115.166,4,2,0.50,191.14,0.00
104.24.60.41,4,2,0.50,191.29,0.00
104.21.202.125,4,2,0.50,191.81,0.00
104.21.215.250,4,2,0.50,191.93,0.00
104.25.222.117,4,2,0.50,191.95,0.00
104.18.209.68,4,2,0.50,192.02,0.00
104.18.141.119,4,2,0.50,192.21,0.00
172.65.251.124,4,2,0.50,192.57,0.00
104.18.142.116,4,2,0.50,192.57,0.00
104.18.134.27,4,2,0.50,192.77,0.00
104.21.69.148,4,2,0.50,192.81,0.00
104.16.95.82,4,2,0.50,193.11,0.00
104.18.131.93,4,2,0.50,193.36,0.00
162.159.243.93,4,2,0.50,193.52,0.00
104.24.51.59,4,2,0.50,193.67,0.00
104.18.138.175,4,2,0.50,193.90,0.00
104.17.67.230,4,2,0.50,194.02,0.00
104.18.195.8,4,2,0.50,194.13,0.00
172.65.249.241,4,2,0.50,194.93,0.00
104.16.30.73,4,2,0.50,195.00,0.00
104.18.135.243,4,2,0.50,195.10,0.00
172.67.181.222,4,2,0.50,195.24,0.00
104.16.209.0,4,2,0.50,195.68,0.00
104.19.244.151,4,2,0.50,195.72,0.00
104.16.31.157,4,2,0.50,195.82,0.00
104.21.87.9,4,2,0.50,195.83,0.00
104.17.64.161,4,2,0.50,196.03,0.00
104.27.11.174,4,2,0.50,196.17,0.00
104.21.206.69,4,2,0.50,196.28,0.00
104.16.220.8,4,2,0.50,196.58,0.00
104.21.88.4,4,2,0.50,197.12,0.00
104.18.254.27,4,2,0.50,198.30,0.00
104.18.137.73,4,2,0.50,198.46,0.00
104.19.129.186,4,2,0.50,199.17,0.00
104.21.84.228,4,2,0.50,199.87,0.00
104.16.29.193,4,2,0.50,199.97,0.00
172.65.248.161,4,2,0.50,200.02,0.00
104.16.26.108,4,2,0.50,200.04,0.00
104.18.132.89,4,2,0.50,200.37,0.00
172.65.246.129,4,2,0.50,200.70,0.00
104.21.89.151,4,2,0.50,201.85,0.00
172.65.250.97,4,2,0.50,202.36,0.00
104.21.218.114,4,2,0.50,202.36,0.00
172.65.247.87,4,2,0.50,202.40,0.00
104.19.242.213,4,2,0.50,202.55,0.00
172.67.71.59,4,2,0.50,202.99,0.00
104.21.4.1,4,2,0.50,205.26,0.00
104.16.27.74,4,2,0.50,207.43,0.00
104.22.49.141,4,2,0.50,214.61,0.00
104.21.72.33,4,2,0.50,218.76,0.00
104.21.94.246,4,2,0.50,226.84,0.00
104.21.46.70,4,2,0.50,226.93,0.00
104.16.135.22,4,2,0.50,232.22,0.00
172.67.12.72,4,2,0.50,232.89,0.00
104.22.53.16,4,2,0.50,232.95,0.00
104.21.125.1,4,2,0.50,233.14,0.00
172.67.14.133,4,2,0.50,233.88,0.00
104.18.118.96,4,2,0.50,234.78,0.00
172.67.11.194,4,2,0.50,235.47,0.00
104.16.101.123,4,2,0.50,235.65,0.00
104.16.96.175,4,2,0.50,235.94,0.00
172.67.3.61,4,2,0.50,236.40,0.00
172.65.214.251,4,2,0.50,236.75,0.00
104.20.54.102,4,2,0.50,236.87,0.00
104.16.141.112,4,2,0.50,237.26,0.00
172.67.4.229,4,2,0.50,237.64,0.00
104.21.220.168,4,2,0.50,237.64,0.00
104.16.132.21,4,2,0.50,238.02,0.00
172.67.8.75,4,2,0.50,238.25,0.00
172.65.222.72,4,2,0.50,238.25,0.00
104.16.133.205,4,2,0.50,238.37,0.00
104.18.126.248,4,2,0.50,238.53,0.00
172.67.1.220,4,2,0.50,238.83,0.00
172.65.218.127,4,2,0.50,238.84,0.00
104.18.124.122,4,2,0.50,238.90,0.00
104.18.115.247,4,2,0.50,239.20,0.00
104.18.116.227,4,2,0.50,239.22,0.00
104.18.117.97,4,2,0.50,239.40,0.00
172.65.213.101,4,2,0.50,239.75,0.00
104.16.134.31,4,2,0.50,239.97,0.00
172.67.7.128,4,2,0.50,240.34,0.00
172.65.219.132,4,2,0.50,240.48,0.00
104.16.100.216,4,2,0.50,240.55,0.00
172.65.215.161,4,2,0.50,240.59,0.00
172.67.10.73,4,2,0.50,241.23,0.00
104.16.102.2,4,2,0.50,241.29,0.00
172.67.13.224,4,2,0.50,241.71,0.00
104.18.121.248,4,2,0.50,241.82,0.00
172.65.223.231,4,2,0.50,242.40,0.00
172.67.15.15,4,2,0.50,242.41,0.00
172.67.143.69,4,2,0.50,242.53,0.00
172.65.220.71,4,2,0.50,242.84,0.00
172.67.2.160,4,2,0.50,243.08,0.00
172.65.216.148,4,2,0.50,243.52,0.00
104.16.142.49,4,2,0.50,243.84,0.00
104.16.103.122,4,2,0.50,243.91,0.00
172.67.5.54,4,2,0.50,243.92,0.00
104.20.50.233,4,2,0.50,244.44,0.00
172.65.217.31,4,2,0.50,244.85,0.00
104.21.119.59,4,2,0.50,246.50,0.00
104.21.42.210,4,2,0.50,247.41,0.00
104.16.139.249,4,2,0.50,247.91,0.00
104.18.122.164,4,2,0.50,248.36,0.00
104.18.120.197,4,2,0.50,249.96,0.00
104.21.95.167,4,2,0.50,257.46,0.00
104.21.35.119,4,2,0.50,262.05,0.00
104.23.139.114,4,2,0.50,268.68,0.00
104.23.137.37,4,2,0.50,275.14,0.00
104.23.132.113,4,2,0.50,275.59,0.00
104.23.128.165,4,2,0.50,284.32,0.00
104.21.85.103,4,2,0.50,287.46,0.00
172.64.161.239,4,2,0.50,288.87,0.00
172.64.199.61,4,2,0.50,290.20,0.00
172.64.131.79,4,2,0.50,291.14,0.00
172.64.165.53,4,2,0.50,291.65,0.00
172.64.173.151,4,2,0.50,293.11,0.00
172.64.100.204,4,2,0.50,304.12,0.00
172.64.196.20,4,2,0.50,305.21,0.00
172.64.97.87,4,2,0.50,306.92,0.00
172.64.96.97,4,2,0.50,307.21,0.00
172.64.166.14,4,2,0.50,312.22,0.00
172.64.163.4,4,2,0.50,314.98,0.00
172.67.255.197,4,2,0.50,354.08,0.00
172.67.241.1,4,2,0.50,431.12,0.00
172.67.238.250,4,2,0.50,452.73,0.00
172.67.160.75,4,2,0.50,465.22,0.00
172.67.237.156,4,2,0.50,465.43,0.00
172.67.252.15,4,2,0.50,467.14,0.00
172.67.248.218,4,2,0.50,469.01,0.00
172.67.254.174,4,2,0.50,469.10,0.00
172.67.176.39,4,2,0.50,470.69,0.00
172.67.242.94,4,2,0.50,471.21,0.00
172.67.199.201,4,2,0.50,478.80,0.00
172.67.224.19,4,2,0.50,484.23,0.00
172.67.161.76,4,2,0.50,484.59,0.00
172.67.215.231,4,2,0.50,742.87,0.00
172.67.162.32,4,2,0.50,746.35,0.00
172.66.217.91,4,2,0.50,748.73,0.00
172.67.145.100,4,2,0.50,748.81,0.00
172.67.164.107,4,2,0.50,757.93,0.00
172.67.208.241,4,2,0.50,762.79,0.00
172.67.166.64,4,2,0.50,770.69,0.00
172.67.155.13,4,2,0.50,771.93,0.00
172.67.180.32,4,2,0.50,789.33,0.00
104.19.222.61,4,1,0.75,62.12,0.00
104.17.201.51,4,1,0.75,62.44,0.00
104.25.254.228,4,1,0.75,63.01,0.00
104.18.165.231,4,1,0.75,63.87,0.00
104.18.182.235,4,1,0.75,64.38,0.00
104.17.200.118,4,1,0.75,65.32,0.00
172.64.153.151,4,1,0.75,65.89,0.00
104.17.198.47,4,1,0.75,67.15,0.00
104.25.246.233,4,1,0.75,68.32,0.00
104.25.251.61,4,1,0.75,68.83,0.00
104.25.244.8,4,1,0.75,69.03,0.00
104.25.240.45,4,1,0.75,69.29,0.00
104.18.168.87,4,1,0.75,69.55,0.00
104.18.163.115,4,1,0.75,69.95,0.00
104.18.171.38,4,1,0.75,73.55,0.00
104.25.248.208,4,1,0.75,73.63,0.00
104.18.169.22,4,1,0.75,73.71,0.00
104.25.255.86,4,1,0.75,73.91,0.00
104.19.221.69,4,1,0.75,75.79,0.00
104.25.241.190,4,1,0.75,76.29,0.00
104.25.250.222,4,1,0.75,77.17,0.00
104.25.245.188,4,1,0.75,78.32,0.00
104.25.247.79,4,1,0.75,80.33,0.00
104.25.249.230,4,1,0.75,80.97,0.00
104.19.32.142,4,1,0.75,104.42,0.00
104.19.53.55,4,1,0.75,105.75,0.00
104.19.35.98,4,1,0.75,108.70,0.00
104.19.60.81,4,1,0.75,113.96,0.00
104.17.114.143,4,1,0.75,114.75,0.00
104.17.106.153,4,1,0.75,115.66,0.00
104.16.255.240,4,1,0.75,116.56,0.00
104.16.156.180,4,1,0.75,116.64,0.00
104.16.159.37,4,1,0.75,116.64,0.00
172.64.147.65,4,1,0.75,117.14,0.00
172.64.144.120,4,1,0.75,117.40,0.00
104.17.173.114,4,1,0.75,117.97,0.00
104.16.153.56,4,1,0.75,118.45,0.00
104.17.190.11,4,1,0.75,118.64,0.00
162.159.201.71,4,1,0.75,119.77,0.00
104.17.101.2,4,1,0.75,120.14,0.00
104.16.158.13,4,1,0.75,120.16,0.00
104.16.200.198,4,1,0.75,120.20,0.00
104.17.185.218,4,1,0.75,120.35,0.00
104.17.188.149,4,1,0.75,120.44,0.00
104.17.174.198,4,1,0.75,120.54,0.00
172.64.155.158,4,1,0.75,120.56,0.00
104.17.109.219,4,1,0.75,120.58,0.00
104.16.206.134,4,1,0.75,121.08,0.00
104.16.151.150,4,1,0.75,121.25,0.00
104.17.167.98,4,1,0.75,121.42,0.00
172.64.145.229,4,1,0.75,121.89,0.00
104.17.157.12,4,1,0.75,121.97,0.00
104.16.155.54,4,1,0.75,122.12,0.00
104.19.151.55,4,1,0.75,122.50,0.00
104.16.193.119,4,1,0.75,122.81,0.00
104.17.29.94,4,1,0.75,122.81,0.00
104.17.189.210,4,1,0.75,122.86,0.00
104.17.51.85,4,1,0.75,123.45,0.00
104.17.24.127,4,1,0.75,123.55,0.00
104.16.157.12,4,1,0.75,124.20,0.00
104.17.172.252,4,1,0.75,124.81,0.00
104.17.171.237,4,1,0.75,124.90,0.00
104.17.25.132,4,1,0.75,125.29,0.00
104.17.115.141,4,1,0.75,125.37,0.00
104.17.222.109,4,1,0.75,125.46,0.00
104.17.183.70,4,1,0.75,125.73,0.00
104.17.22.223,4,1,0.75,126.07,0.00
104.17.103.76,4,1,0.75,126.23,0.00
104.17.182.129,4,1,0.75,126.25,0.00
172.64.229.107,4,1,0.75,126.94,0.00
104.17.50.229,4,1,0.75,127.59,0.00
104.16.250.147,4,1,0.75,127.59,0.00
104.16.195.223,4,1,0.75,127.59,0.00
104.17.31.154,4,1,0.75,127.63,0.00
172.64.158.20,4,1,0.75,127.91,0.00
104.17.107.56,4,1,0.75,128.29,0.00
172.64.152.221,4,1,0.75,128.85,0.00
104.17.181.167,4,1,0.75,129.47,0.00
104.16.202.106,4,1,0.75,129.69,0.00
104.19.153.151,4,1,0.75,129.80,0.00
104.16.243.130,4,1,0.75,131.02,0.00
104.18.35.97,4,1,0.75,131.86,0.00
104.17.180.48,4,1,0.75,132.63,0.00
104.17.184.224,4,1,0.75,133.65,0.00
104.17.118.74,4,1,0.75,133.65,0.00
198.41.212.48,4,1,0.75,136.74,0.00
104.17.178.46,4,1,0.75,142.57,0.00
172.67.146.117,4,1,0.75,156.29,0.00
104.19.167.76,4,1,0.75,158.46,0.00
172.65.36.106,4,1,0.75,161.76,0.00
172.66.45.111,4,1,0.75,161.80,0.00
172.67.171.80,4,1,0.75,162.95,0.00
104.21.24.221,4,1,0.75,163.59,0.00
172.65.37.90,4,1,0.75,164.18,0.00
104.18.22.230,4,1,0.75,164.32,0.00
104.21.25.75,4,1,0.75,165.12,0.00
172.65.34.94,4,1,0.75,165.34,0.00
104.18.16.151,4,1,0.75,167.35,0.00
104.21.16.21,4,1,0.75,168.01,0.00
172.67.144.9,4,1,0.75,168.28,0.00
104.18.24.152,4,1,0.75,169.29,0.00
172.66.132.55,4,1,0.75,169.57,0.00
104.18.21.254,4,1,0.75,169.62,0.00
104.24.198.188,4,1,0.75,169.88,0.00
104.25.4.103,4,1,0.75,170.18,0.00
104.19.78.118,4,1,0.75,170.19,0.00
104.25.146.242,4,1,0.75,170.29,0.00
172.66.169.20,4,1,0.75,170.54,0.00
104.24.238.161,4,1,0.75,170.58,0.00
172.65.112.99,4,1,0.75,170.60,0.00
172.65.32.151,4,1,0.75,170.90,0.00
172.67.204.90,4,1,0.75,171.18,0.00
172.67.226.221,4,1,0.75,171.24,0.00
104.25.130.69,4,1,0.75,171.41,0.00
104.20.38.145,4,1,0.75,171.60,0.00
172.67.35.54,4,1,0.75,171.72,0.00
104.25.80.234,4,1,0.75,171.87,0.00
172.67.236.123,4,1,0.75,172.05,0.00
104.24.195.52,4,1,0.75,172.06,0.00
172.66.42.168,4,1,0.75,172.12,0.00
104.18.153.225,4,1,0.75,172.17,0.00
104.24.247.35,4,1,0.75,172.44,0.00
104.25.75.124,4,1,0.75,172.48,0.00
104.25.140.221,4,1,0.75,173.28,0.00
104.24.252.190,4,1,0.75,173.36,0.00
104.25.115.190,4,1,0.75,173.36,0.00
104.18.20.216,4,1,0.75,173.52,0.00
172.65.104.39,4,1,0.75,173.52,0.00
104.18.15.150,4,1,0.75,173.62,0.00
104.25.150.95,4,1,0.75,173.72,0.00
104.24.254.78,4,1,0.75,173.72,0.00
172.65.33.190,4,1,0.75,173.76,0.00
104.27.7.206,4,1,0.75,173.76,0.00
172.66.205.33,4,1,0.75,173.84,0.00
104.24.12.116,4,1,0.75,173.91,0.00
104.21.86.234,4,1,0.75,174.00,0.00
172.66.200.64,4,1,0.75,174.21,0.00
104.18.23.254,4,1,0.75,174.31,0.00
104.25.61.226,4,1,0.75,174.42,0.00
104.25.2.143,4,1,0.75,174.48,0.00
172.65.35.201,4,1,0.75,174.48,0.00
104.22.79.140,4,1,0.75,174.49,0.00
104.22.78.13,4,1,0.75,174.49,0.00
104.22.33.181,4,1,0.75,174.67,0.00
172.65.92.187,4,1,0.75,174.87,0.00
104.25.137.107,4,1,0.75,174.94,0.00
104.25.114.243,4,1,0.75,174.98,0.00
172.66.130.79,4,1,0.75,175.09,0.00
172.67.205.93,4,1,0.75,175.10,0.00
104.25.49.197,4,1,0.75,175.21,0.00
104.24.251.14,4,1,0.75,175.21,0.00
104.20.86.222,4,1,0.75,175.25,0.00
104.18.207.214,4,1,0.75,175.26,0.00
104.20.137.254,4,1,0.75,175.30,0.00
172.67.234.236,4,1,0.75,175.41,0.00
172.67.125.220,4,1,0.75,175.43,0.00
172.66.164.127,4,1,0.75,175.76,0.00
104.20.127.32,4,1,0.75,175.82,0.00
104.25.85.140,4,1,0.75,175.95,0.00
104.24.184.28,4,1,0.75,176.03,0.00
172.67.201.83,4,1,0.75,176.06,0.00
172.65.97.1,4,1,0.75,176.17,0.00
104.24.237.135,4,1,0.75,176.21,0.00
104.25.76.138,4,1,0.75,176.24,0.00
172.65.174.222,4,1,0.75,176.24,0.00
104.27.127.20,4,1,0.75,176.33,0.00
104.25.77.17,4,1,0.75,176.38,0.00
172.67.109.51,4,1,0.75,176.47,0.00
172.67.235.0,4,1,0.75,176.59,0.00
104.22.72.144,4,1,0.75,176.59,0.00
104.24.10.125,4,1,0.75,176.74,0.00
104.24.95.40,4,1,0.75,176.81,0.00
104.25.152.99,4,1,0.75,177.08,0.00
104.25.73.10,4,1,0.75,177.16,0.00
172.67.206.92,4,1,0.75,177.21,0.00
104.18.160.78,4,1,0.75,177.22,0.00
104.20.130.138,4,1,0.75,177.25,0.00
104.25.116.205,4,1,0.75,177.25,0.00
104.25.117.34,4,1,0.75,177.25,0.00
172.65.100.126,4,1,0.75,177.29,0.00
172.65.103.154,4,1,0.75,177.29,0.00
172.66.201.46,4,1,0.75,177.41,0.00
104.25.25.213,4,1,0.75,177.53,0.00
104.24.141.250,4,1,0.75,177.67,0.00
104.25.91.98,4,1,0.75,177.70,0.00
172.65.175.73,4,1,0.75,177.75,0.00
104.27.55.130,4,1,0.75,177.92,0.00
104.16.215.246,4,1,0.75,177.94,0.00
172.66.158.74,4,1,0.75,177.95,0.00
104.24.187.66,4,1,0.75,177.97,0.00
104.27.125.183,4,1,0.75,178.00,0.00
104.25.121.133,4,1,0.75,178.06,0.00
104.25.67.251,4,1,0.75,178.13,0.00
104.24.154.16,4,1,0.75,178.14,0.00
104.24.241.199,4,1,0.75,178.15,0.00
104.24.156.220,4,1,0.75,178.15,0.00
104.25.134.61,4,1,0.75,178.19,0.00
104.25.223.108,4,1,0.75,178.24,0.00
104.20.105.50,4,1,0.75,178.28,0.00
172.67.198.83,4,1,0.75,178.35,0.00
104.24.82.237,4,1,0.75,178.40,0.00
104.25.47.140,4,1,0.75,178.40,0.00
104.17.35.15,4,1,0.75,178.44,0.00
104.25.87.40,4,1,0.75,178.51,0.00
104.20.36.72,4,1,0.75,178.56,0.00
172.65.163.125,4,1,0.75,178.56,0.00
104.20.34.206,4,1,0.75,178.61,0.00
104.19.82.22,4,1,0.75,178.61,0.00
172.64.231.133,4,1,0.75,178.62,0.00
104.24.9.78,4,1,0.75,178.73,0.00
104.20.171.209,4,1,0.75,178.79,0.00
104.24.158.211,4,1,0.75,178.79,0.00
104.27.5.248,4,1,0.75,178.86,0.00
104.27.10.75,4,1,0.75,178.86,0.00
104.27.9.23,4,1,0.75,178.86,0.00
172.65.85.147,4,1,0.75,178.87,0.00
172.67.33.137,4,1,0.75,178.89,0.00
104.25.227.210,4,1,0.75,178.90,0.00
104.25.226.64,4,1,0.75,178.90,0.00
104.25.141.227,4,1,0.75,178.90,0.00
172.67.231.13,4,1,0.75,178.97,0.00
172.66.175.229,4,1,0.75,179.06,0.00
104.25.123.62,4,1,0.75,179.10,0.00
172.66.159.178,4,1,0.75,179.14,0.00
172.66.162.1,4,1,0.75,179.16,0.00
172.65.169.104,4,1,0.75,179.35,0.00
172.65.168.170,4,1,0.75,179.35,0.00
172.66.208.77,4,1,0.75,179.40,0.00
104.25.233.77,4,1,0.75,179.45,0.00
172.67.232.199,4,1,0.75,179.48,0.00
104.17.43.56,4,1,0.75,179.52,0.00
104.24.242.175,4,1,0.75,179.54,0.00
104.25.72.47,4,1,0.75,179.60,0.00
172.65.87.103,4,1,0.75,179.60,0.00
104.24.250.249,4,1,0.75,179.62,0.00
104.24.239.230,4,1,0.75,179.62,0.00
172.65.102.89,4,1,0.75,179.63,0.00
172.65.110.65,4,1,0.75,179.76,0.00
172.66.160.84,4,1,0.75,179.76,0.00
104.20.172.210,4,1,0.75,179.87,0.00
172.67.119.149,4,1,0.75,179.90,0.00
172.67.110.149,4,1,0.75,179.94,0.00
104.25.14.68,4,1,0.75,180.00,0.00
104.24.255.99,4,1,0.75,180.02,0.00
104.23.142.16,4,1,0.75,180.12,0.00
104.23.141.219,4,1,0.75,180.12,0.00
104.24.186.127,4,1,0.75,180.15,0.00
172.67.192.231,4,1,0.75,180.18,0.00
172.66.173.78,4,1,0.75,180.25,0.00
104.24.153.98,4,1,0.75,180.30,0.00
104.24.246.96,4,1,0.75,180.32,0.00
172.66.131.208,4,1,0.75,180.32,0.00
104.24.160.218,4,1,0.75,180.38,0.00
172.66.1.11,4,1,0.75,180.38,0.00
104.18.206.235,4,1,0.75,180.50,0.00
172.66.171.175,4,1,0.75,180.53,0.00
172.66.168.177,4,1,0.75,180.53,0.00
104.25.70.244,4,1,0.75,180.55,0.00
104.24.182.95,4,1,0.75,180.58,0.00
104.19.31.151,4,1,0.75,180.67,0.00
104.27.53.97,4,1,0.75,180.76,0.00
104.27.54.41,4,1,0.75,180.76,0.00
104.18.172.85,4,1,0.75,180.76,0.00
104.24.69.3,4,1,0.75,180.77,0.00
104.25.93.69,4,1,0.75,180.80,0.00
172.66.172.11,4,1,0.75,180.86,0.00
104.22.71.201,4,1,0.75,180.88,0.00
172.67.108.243,4,1,0.75,180.89,0.00
172.65.173.17,4,1,0.75,180.90,0.00
172.67.32.220,4,1,0.75,181.06,0.00
104.24.152.42,4,1,0.75,181.17,0.00
104.24.185.114,4,1,0.75,181.18,0.00
104.25.157.228,4,1,0.75,181.18,0.00
172.66.157.83,4,1,0.75,181.27,0.00
104.25.54.133,4,1,0.75,181.42,0.00
104.25.56.112,4,1,0.75,181.42,0.00
104.24.3.92,4,1,0.75,181.44,0.00
104.25.89.239,4,1,0.75,181.45,0.00
104.25.147.106,4,1,0.75,181.45,0.00
172.65.91.167,4,1,0.75,181.50,0.00
172.67.34.40,4,1,0.75,181.54,0.00
104.27.194.123,4,1,0.75,181.54,0.00
104.25.45.13,4,1,0.75,181.59,0.00
172.66.161.61,4,1,0.75,181.63,0.00
104.25.139.177,4,1,0.75,181.64,0.00
104.25.5.98,4,1,0.75,181.64,0.00
104.22.76.151,4,1,0.75,181.66,0.00
172.65.31.193,4,1,0.75,181.67,0.00
172.67.225.5,4,1,0.75,181.70,0.00
104.24.232.25,4,1,0.75,181.77,0.00
172.67.186.187,4,1,0.75,181.84,0.00
104.27.123.175,4,1,0.75,181.89,0.00
172.65.109.13,4,1,0.75,181.92,0.00
104.25.27.129,4,1,0.75,181.96,0.00
172.66.2.200,4,1,0.75,181.98,0.00
104.25.142.4,4,1,0.75,182.15,0.00
104.25.239.181,4,1,0.75,182.22,0.00
172.65.73.130,4,1,0.75,182.34,0.00
104.27.60.214,4,1,0.75,182.40,0.00
172.67.114.7,4,1,0.75,182.40,0.00
172.66.176.186,4,1,0.75,182.41,0.00
104.25.48.102,4,1,0.75,182.43,0.00
172.64.53.21,4,1,0.75,182.51,0.00
104.27.3.46,4,1,0.75,182.86,0.00
104.27.0.122,4,1,0.75,182.86,0.00
172.66.203.170,4,1,0.75,183.12,0.00
104.16.174.104,4,1,0.75,183.13,0.00
104.25.190.240,4,1,0.75,183.13,0.00
162.159.197.113,4,1,0.75,183.16,0.00
104.25.86.113,4,1,0.75,183.24,0.00
104.25.74.142,4,1,0.75,183.29,0.00
104.25.52.232,4,1,0.75,183.36,0.00
104.20.126.119,4,1,0.75,183.42,0.00
104.24.85.169,4,1,0.75,183.48,0.00
172.66.3.162,4,1,0.75,183.56,0.00
104.27.8.216,4,1,0.75,183.57,0.00
104.17.9.102,4,1,0.75,183.69,0.00
104.25.236.112,4,1,0.75,183.75,0.00
104.25.149.103,4,1,0.75,183.75,0.00
172.67.113.214,4,1,0.75,183.85,0.00
104.16.219.180,4,1,0.75,183.94,0.00
104.16.229.241,4,1,0.75,183.94,0.00
172.66.207.190,4,1,0.75,184.00,0.00
104.27.62.167,4,1,0.75,184.03,0.00
172.65.96.173,4,1,0.75,184.11,0.00
104.25.62.3,4,1,0.75,184.26,0.00
104.25.119.156,4,1,0.75,184.43,0.00
104.25.82.190,4,1,0.75,184.44,0.00
104.25.63.23,4,1,0.75,184.49,0.00
172.65.86.222,4,1,0.75,184.58,0.00
172.66.156.147,4,1,0.75,184.60,0.00
104.20.187.169,4,1,0.75,184.74,0.00
104.24.159.202,4,1,0.75,184.77,0.00
172.66.150.136,4,1,0.75,184.78,0.00
104.18.162.94,4,1,0.75,184.78,0.00
104.25.229.17,4,1,0.75,184.78,0.00
172.66.148.79,4,1,0.75,184.89,0.00
172.66.165.96,4,1,0.75,184.91,0.00
104.25.28.71,4,1,0.75,184.94,0.00
104.25.57.106,4,1,0.75,184.98,0.00
104.25.118.145,4,1,0.75,184.98,0.00
104.20.106.144,4,1,0.75,185.07,0.00
172.65.53.116,4,1,0.75,185.09,0.00
104.25.64.81,4,1,0.75,185.11,0.00
104.24.140.179,4,1,0.75,185.11,0.00
172.65.171.45,4,1,0.75,185.13,0.00
104.18.201.26,4,1,0.75,185.17,0.00
104.24.83.162,4,1,0.75,185.19,0.00
104.24.245.88,4,1,0.75,185.19,0.00
104.22.32.95,4,1,0.75,185.20,0.00
104.22.8.117,4,1,0.75,185.23,0.00
172.66.174.189,4,1,0.75,185.23,0.00
172.67.101.34,4,1,0.75,185.30,0.00
172.67.127.144,4,1,0.75,185.32,0.00
104.20.128.104,4,1,0.75,185.38,0.00
104.16.191.99,4,1,0.75,185.41,0.00
104.17.45.11,4,1,0.75,185.41,0.00
104.20.104.55,4,1,0.75,185.60,0.00
172.65.107.219,4,1,0.75,185.62,0.00
104.25.136.9,4,1,0.75,185.62,0.00
104.16.164.127,4,1,0.75,185.64,0.00
104.27.202.157,4,1,0.75,185.65,0.00
172.66.134.6,4,1,0.75,185.67,0.00
104.20.234.95,4,1,0.75,185.77,0.00
172.65.106.70,4,1,0.75,185.79,0.00
104.21.62.225,4,1,0.75,185.94,0.00
104.16.232.61,4,1,0.75,185.99,0.00
104.24.21.42,4,1,0.75,186.09,0.00
104.25.133.26,4,1,0.75,186.14,0.00
104.20.47.134,4,1,0.75,186.17,0.00
172.66.151.84,4,1,0.75,186.23,0.00
172.64.149.99,4,1,0.75,186.44,0.00
104.27.59.61,4,1,0.75,186.53,0.00
172.67.103.158,4,1,0.75,186.59,0.00
104.25.151.141,4,1,0.75,186.60,0.00
104.25.66.202,4,1,0.75,186.65,0.00
104.22.2.70,4,1,0.75,186.73,0.00
104.27.118.192,4,1,0.75,186.77,0.00
104.25.156.20,4,1,0.75,186.78,0.00
104.24.213.107,4,1,0.75,186.79,0.00
104.20.91.165,4,1,0.75,186.80,0.00
104.25.113.58,4,1,0.75,186.80,0.00
172.64.148.234,4,1,0.75,186.96,0.00
104.18.202.5,4,1,0.75,186.96,0.00
172.67.230.10,4,1,0.75,187.16,0.00
104.20.170.178,4,1,0.75,187.19,0.00
104.19.83.211,4,1,0.75,187.21,0.00
104.25.69.37,4,1,0.75,187.27,0.00
104.21.38.147,4,1,0.75,187.50,0.00
104.27.52.58,4,1,0.75,187.68,0.00
172.66.202.216,4,1,0.75,187.71,0.00
104.20.168.240,4,1,0.75,187.72,0.00
104.25.230.242,4,1,0.75,187.73,0.00
172.66.166.59,4,1,0.75,187.77,0.00
172.65.167.163,4,1,0.75,187.85,0.00
104.24.84.32,4,1,0.75,187.95,0.00
104.25.84.145,4,1,0.75,188.14,0.00
104.24.211.237,4,1,0.75,188.14,0.00
172.65.89.217,4,1,0.75,188.15,0.00
172.66.204.234,4,1,0.75,188.23,0.00
172.67.121.231,4,1,0.75,188.26,0.00
104.27.61.159,4,1,0.75,188.29,0.00
172.65.84.236,4,1,0.75,188.31,0.00
104.16.208.106,4,1,0.75,188.65,0.00
172.67.229.64,4,1,0.75,188.68,0.00
162.159.195.17,4,1,0.75,188.86,0.00
104.19.106.196,4,1,0.75,188.92,0.00
104.19.105.77,4,1,0.75,188.92,0.00
172.67.185.117,4,1,0.75,188.96,0.00
104.25.60.166,4,1,0.75,189.04,0.00
104.20.33.228,4,1,0.75,189.10,0.00
172.65.108.167,4,1,0.75,189.15,0.00
104.16.218.144,4,1,0.75,189.15,0.00
172.65.101.229,4,1,0.75,189.19,0.00
104.25.0.225,4,1,0.75,189.42,0.00
104.19.90.154,4,1,0.75,189.44,0.00
172.66.154.223,4,1,0.75,189.45,0.00
172.65.172.42,4,1,0.75,189.54,0.00
104.25.120.252,4,1,0.75,189.55,0.00
104.25.126.89,4,1,0.75,189.55,0.00
104.24.253.14,4,1,0.75,189.55,0.00
104.25.228.151,4,1,0.75,189.59,0.00
172.67.178.72,4,1,0.75,189.66,0.00
172.67.196.172,4,1,0.75,189.69,0.00
104.25.71.63,4,1,0.75,189.93,0.00
104.25.224.244,4,1,0.75,189.93,0.00
104.25.125.18,4,1,0.75,190.11,0.00
104.25.58.95,4,1,0.75,190.11,0.00
104.21.7.53,4,1,0.75,190.24,0.00
104.22.69.190,4,1,0.75,190.37,0.00
104.22.70.60,4,1,0.75,190.37,0.00
172.67.184.202,4,1,0.75,190.39,0.00
172.65.94.115,4,1,0.75,190.61,0.00
104.20.35.221,4,1,0.75,190.72,0.00
104.17.81.28,4,1,0.75,190.73,0.00
172.65.254.101,4,1,0.75,190.76,0.00
104.16.237.35,4,1,0.75,190.80,0.00
104.17.6.25,4,1,0.75,190.80,0.00
172.66.167.112,4,1,0.75,190.84,0.00
172.65.105.6,4,1,0.75,190.86,0.00
104.25.3.170,4,1,0.75,190.89,0.00
172.67.195.106,4,1,0.75,190.90,0.00
104.27.126.121,4,1,0.75,190.92,0.00
172.66.152.108,4,1,0.75,190.99,0.00
104.17.40.82,4,1,0.75,191.03,0.00
172.66.206.53,4,1,0.75,191.08,0.00
104.25.129.36,4,1,0.75,191.13,0.00
172.65.255.234,4,1,0.75,191.20,0.00
104.24.7.245,4,1,0.75,191.29,0.00
104.25.132.156,4,1,0.75,191.41,0.00
104.27.2.98,4,1,0.75,191.59,0.00
104.19.77.107,4,1,0.75,191.69,0.00
172.66.155.228,4,1,0.75,191.69,0.00
104.16.231.141,4,1,0.75,191.81,0.00
104.25.92.32,4,1,0.75,191.86,0.00
104.20.107.213,4,1,0.75,191.88,0.00
104.25.124.7,4,1,0.75,191.99,0.00
104.27.64.96,4,1,0.75,192.05,0.00
172.65.243.133,4,1,0.75,192.06,0.00
104.21.124.117,4,1,0.75,192.16,0.00
104.25.127.122,4,1,0.75,192.17,0.00
198.41.211.159,4,1,0.75,192.24,0.00
104.25.148.188,4,1,0.75,192.37,0.00
172.67.36.15,4,1,0.75,192.38,0.00
104.16.173.155,4,1,0.75,192.43,0.00
172.65.93.49,4,1,0.75,192.44,0.00
104.25.225.206,4,1,0.75,192.46,0.00
104.25.138.114,4,1,0.75,192.48,0.00
104.25.68.161,4,1,0.75,192.48,0.00
104.25.65.81,4,1,0.75,192.48,0.00
104.24.4.72,4,1,0.75,192.54,0.00
104.22.46.67,4,1,0.75,192.58,0.00
172.66.153.111,4,1,0.75,192.95,0.00
104.21.6.43,4,1,0.75,193.04,0.00
172.65.22.129,4,1,0.75,193.07,0.00
104.27.207.203,4,1,0.75,193.30,0.00
104.17.37.8,4,1,0.75,194.15,0.00
104.17.47.97,4,1,0.75,194.43,0.00
104.21.204.226,4,1,0.75,194.54,0.00
172.67.117.127,4,1,0.75,194.62,0.00
172.66.163.12,4,1,0.75,194.63,0.00
172.64.230.20,4,1,0.75,194.69,0.00
104.18.197.50,4,1,0.75,195.00,0.00
104.19.91.166,4,1,0.75,195.05,0.00
104.25.1.183,4,1,0.75,195.96,0.00
104.25.219.207,4,1,0.75,195.96,0.00
104.16.171.210,4,1,0.75,196.33,0.00
172.67.202.22,4,1,0.75,196.58,0.00
104.27.58.226,4,1,0.75,196.69,0.00
104.19.134.53,4,1,0.75,196.85,0.00
104.27.193.149,4,1,0.75,196.90,0.00
104.25.128.244,4,1,0.75,196.91,0.00
104.25.131.222,4,1,0.75,197.42,0.00
104.19.247.36,4,1,0.75,197.74,0.00
104.16.74.85,4,1,0.75,197.92,0.00
104.25.122.56,4,1,0.75,198.01,0.00
104.23.138.77,4,1,0.75,198.63,0.00
104.21.37.27,4,1,0.75,198.85,0.00
104.27.200.106,4,1,0.75,199.80,0.00
104.25.135.142,4,1,0.75,200.15,0.00
104.16.170.51,4,1,0.75,200.32,0.00
104.19.131.253,4,1,0.75,200.36,0.00
104.27.196.239,4,1,0.75,201.12,0.00
104.27.197.39,4,1,0.75,201.12,0.00
104.17.32.6,4,1,0.75,201.65,0.00
104.22.11.46,4,1,0.75,202.63,0.00
104.19.243.24,4,1,0.75,202.63,0.00
104.17.7.242,4,1,0.75,203.71,0.00
104.27.201.186,4,1,0.75,203.85,0.00
104.18.156.135,4,1,0.75,204.19,0.00
104.16.212.202,4,1,0.75,206.29,0.00
104.27.195.226,4,1,0.75,206.32,0.00
104.17.79.128,4,1,0.75,206.79,0.00
104.16.163.100,4,1,0.75,206.79,0.00
104.16.234.144,4,1,0.75,207.33,0.00
104.22.4.226,4,1,0.75,207.63,0.00
104.17.0.10,4,1,0.75,208.51,0.00
104.17.33.102,4,1,0.75,208.91,0.00
104.17.5.70,4,1,0.75,209.65,0.00
104.16.223.197,4,1,0.75,210.44,0.00
104.16.233.117,4,1,0.75,211.64,0.00
104.17.12.93,4,1,0.75,212.17,0.00
104.16.183.123,4,1,0.75,212.84,0.00
104.22.3.62,4,1,0.75,215.24,0.00
104.27.192.211,4,1,0.75,216.77,0.00
104.27.204.165,4,1,0.75,219.25,0.00
104.27.205.48,4,1,0.75,224.32,0.00
104.24.233.51,4,1,0.75,228.36,0.00
104.16.104.0,4,1,0.75,231.49,0.00
172.67.132.125,4,1,0.75,232.99,0.00
172.67.141.107,4,1,0.75,233.63,0.00
172.67.131.28,4,1,0.75,234.00,0.00
104.16.106.185,4,1,0.75,234.07,0.00
162.159.130.128,4,1,0.75,236.33,0.00
104.19.239.229,4,1,0.75,236.64,0.00
172.67.133.122,4,1,0.75,236.69,0.00
172.65.189.54,4,1,0.75,236.99,0.00
172.67.130.67,4,1,0.75,237.07,0.00
104.19.229.57,4,1,0.75,238.95,0.00
172.65.181.220,4,1,0.75,240.15,0.00
104.19.231.189,4,1,0.75,240.18,0.00
172.67.139.162,4,1,0.75,240.24,0.00
104.19.227.115,4,1,0.75,240.69,0.00
172.65.184.193,4,1,0.75,240.72,0.00
162.159.137.236,4,1,0.75,240.95,0.00
172.67.138.76,4,1,0.75,241.21,0.00
172.65.183.112,4,1,0.75,241.50,0.00
104.19.224.176,4,1,0.75,242.60,0.00
172.67.128.160,4,1,0.75,242.90,0.00
104.19.232.130,4,1,0.75,243.14,0.00
104.19.233.206,4,1,0.75,243.19,0.00
172.65.176.153,4,1,0.75,243.34,0.00
172.67.137.183,4,1,0.75,243.84,0.00
104.19.235.158,4,1,0.75,244.14,0.00
162.159.152.152,4,1,0.75,244.99,0.00
162.159.142.108,4,1,0.75,244.99,0.00
104.19.226.164,4,1,0.75,245.38,0.00
104.20.60.117,4,1,0.75,247.03,0.00
104.20.49.233,4,1,0.75,247.03,0.00
172.64.132.204,4,1,0.75,261.97,0.00
172.64.195.118,4,1,0.75,265.52,0.00
172.64.202.39,4,1,0.75,265.84,0.00
172.64.129.148,4,1,0.75,267.76,0.00
172.64.106.40,4,1,0.75,269.03,0.00
172.64.130.23,4,1,0.75,269.55,0.00
172.64.194.181,4,1,0.75,271.84,0.00
172.64.128.243,4,1,0.75,272.77,0.00
172.64.197.247,4,1,0.75,275.45,0.00
104.27.203.60,4,1,0.75,299.01,0.00
172.64.162.115,4,1,0.75,299.09,0.00
172.64.204.97,4,1,0.75,299.14,0.00
172.64.206.29,4,1,0.75,301.28,0.00
172.64.103.36,4,1,0.75,305.49,0.00
172.64.104.206,4,1,0.75,306.34,0.00
172.64.175.169,4,1,0.75,309.61,0.00
172.64.109.121,4,1,0.75,309.82,0.00
172.64.101.121,4,1,0.75,310.78,0.00
172.64.99.214,4,1,0.75,311.39,0.00
172.64.111.207,4,1,0.75,311.88,0.00
172.64.110.127,4,1,0.75,311.95,0.00
172.64.108.2,4,1,0.75,313.31,0.00
172.64.203.67,4,1,0.75,313.97,0.00
172.64.105.108,4,1,0.75,314.54,0.00
172.64.107.184,4,1,0.75,314.55,0.00
104.27.206.194,4,1,0.75,315.43,0.00
172.64.207.67,4,1,0.75,315.51,0.00
172.64.102.190,4,1,0.75,315.82,0.00
172.64.98.196,4,1,0.75,315.82,0.00
172.64.193.168,4,1,0.75,319.05,0.00
172.64.201.202,4,1,0.75,320.76,0.00
104.23.131.28,4,1,0.75,338.93,0.00
104.27.199.22,4,1,0.75,368.20,0.00
172.67.214.100,4,1,0.75,399.97,0.00
172.67.207.184,4,1,0.75,548.43,0.00
172.67.218.129,4,1,0.75,718.21,0.00
172.67.212.70,4,1,0.75,735.34,0.00
172.67.213.85,4,1,0.75,735.34,0.00
172.67.216.165,4,1,0.75,736.88,0.00
172.67.220.153,4,1,0.75,738.50,0.00
172.67.211.48,4,1,0.75,739.52,0.00
172.67.217.216,4,1,0.75,740.58,0.00
172.67.222.143,4,1,0.75,747.73,0.00
172.67.227.115,4,1,0.75,750.16,0.00
172.67.210.42,4,1,0.75,753.40,0.00
172.67.149.155,4,1,0.75,756.64,0.00
172.67.223.33,4,1,0.75,757.55,0.00
172.67.219.120,4,1,0.75,759.39,0.00
172.67.151.104,4,1,0.75,760.13,0.00
172.67.153.220,4,1,0.75,761.74,0.00
172.67.152.210,4,1,0.75,771.68,0.00
172.67.233.155,4,1,0.75,791.60,0.00
